-- MySQL dump 10.13  Distrib 8.0.40, for Win64 (x86_64)
--
-- Host: localhost    Database: courses
-- ------------------------------------------------------
-- Server version	8.0.40

/*!40101 SET @OLD_CHARACTER_SET_CLIENT=@@CHARACTER_SET_CLIENT */;
/*!40101 SET @OLD_CHARACTER_SET_RESULTS=@@CHARACTER_SET_RESULTS */;
/*!40101 SET @OLD_COLLATION_CONNECTION=@@COLLATION_CONNECTION */;
/*!50503 SET NAMES utf8 */;
/*!40103 SET @OLD_TIME_ZONE=@@TIME_ZONE */;
/*!40103 SET TIME_ZONE='+00:00' */;
/*!40014 SET @OLD_UNIQUE_CHECKS=@@UNIQUE_CHECKS, UNIQUE_CHECKS=0 */;
/*!40014 SET @OLD_FOREIGN_KEY_CHECKS=@@FOREIGN_KEY_CHECKS, FOREIGN_KEY_CHECKS=0 */;
/*!40101 SET @OLD_SQL_MODE=@@SQL_MODE, SQL_MODE='NO_AUTO_VALUE_ON_ZERO' */;
/*!40111 SET @OLD_SQL_NOTES=@@SQL_NOTES, SQL_NOTES=0 */;

--
-- Table structure for table `chapter`
--

DROP TABLE IF EXISTS `chapter`;
/*!40101 SET @saved_cs_client     = @@character_set_client */;
/*!50503 SET character_set_client = utf8mb4 */;
CREATE TABLE `chapter` (
  `id` char(36) CHARACTER SET utf8mb4 COLLATE utf8mb4_general_ci NOT NULL,
  `course_id` char(36) CHARACTER SET utf8mb4 COLLATE utf8mb4_general_ci NOT NULL,
  `title` varchar(191) CHARACTER SET utf8mb4 COLLATE utf8mb4_general_ci NOT NULL,
  `video_link` text CHARACTER SET utf8mb4 COLLATE utf8mb4_general_ci NOT NULL,
  `text_note` text CHARACTER SET utf8mb4 COLLATE utf8mb4_general_ci NOT NULL,
  `order` int NOT NULL,
  `createdAt` timestamp NOT NULL DEFAULT CURRENT_TIMESTAMP,
  `updatedAt` timestamp NOT NULL DEFAULT CURRENT_TIMESTAMP ON UPDATE CURRENT_TIMESTAMP,
  `progress` float DEFAULT NULL,
  PRIMARY KEY (`id`),
  KEY `course_id` (`course_id`),
  CONSTRAINT `chapter_ibfk_1` FOREIGN KEY (`course_id`) REFERENCES `course` (`id`) ON DELETE CASCADE
) ENGINE=InnoDB DEFAULT CHARSET=utf8mb4 COLLATE=utf8mb4_general_ci;
/*!40101 SET character_set_client = @saved_cs_client */;

--
-- Dumping data for table `chapter`
--

LOCK TABLES `chapter` WRITE;
/*!40000 ALTER TABLE `chapter` DISABLE KEYS */;
INSERT INTO `chapter` VALUES ('0aa3dc46-4d34-4f6e-8086-01d2e9a5ba87','9cb4641f-1f16-4e3c-9dac-78aaf9d91dfc','new chapter','https://www.youtube.com/watch?v=8on1YFp1SAU','<p>This is dummy</p>',1,'2024-12-20 18:15:34','2025-01-02 15:02:06',NULL),('0d342cf7-5701-4a90-a3a7-193aa637e9e4','67c38828-b0c7-11ef-aeb2-d8bbc114656c','choose colors and color palettes','https://www.youtube.com/watch?v=wuZuvhF4u6U&list=PLl0Umi92CQzUiSX7uY-_XuI3LeSUyCysm&index=6','<p>Color theory is a complex subject, but choosing colors for our user interfaces and websites doesn\'t have to be. Most UI designs really only focus on using a few colors. I design 80% of my interfaces with One. Single. Color</p>',2,'2025-01-02 14:46:52','2025-01-02 14:46:52',NULL),('12c3811f-a84a-4618-b9c9-ba74c1eb5922','65857080-8444-4309-935d-84de317e7abe','Setup & first code','https://www.youtube.com/watch?v=tUppZmJkWnU&list=PLRAV69dS1uWSR89FRQGZ6q9BR2b44Tr9N&index=3','<p>In this tutorial, you\'ll get a brief introduction to Go programming. Along the way, you will:</p><ul><li><p>Install Go (if you haven\'t already).</p></li><li><p>Write some simple \"Hello, world\" code.</p></li><li><p>Use the <code>go</code> command to run your code.</p></li><li><p>Use the Go package discovery tool to find packages you can use in your own code.</p></li><li><p>Call functions of an external module.</p></li></ul>',2,'2024-12-29 12:25:14','2025-01-09 07:53:10',NULL),('1905c0be-bed0-11ef-8b91-d8bbc114656c','67c1f7d8-b0c7-11ef-aeb2-d8bbc114656c','Introd','https://www.youtube.com/watch?v=fXAGTOZ25H8&list=PLGjplNEQ1it_oTvuLRNqXfz_v_0pq6unW&index=7','<p>This is a javascript function that.</p>',2,'2024-12-20 06:44:05','2025-01-09 07:57:22',NULL),('1b7462f1-9e2e-4240-9e0b-9cb2a4b6c1d3','67c9dba1-b0c7-11ef-aeb2-d8bbc114656c','Ask \"Who are you?\"','https://www.youtube.com/watch?v=a0ZdGjQ9Wks&list=PLOZiEc7ESUiE3Jdo1hkWfNvQpxaamHA9L&index=4','<h3><strong>Pinyin: nín shì shuí？</strong></h3><h4><strong>Who are you?</strong></h4>',2,'2025-01-02 14:49:26','2025-01-09 07:58:33',NULL),('2441784a-e99e-49a4-a7d7-666b12e68adb','67c1fb58-b0c7-11ef-aeb2-d8bbc114656c','First Code in Java','https://www.youtube.com/watch?v=tSqNBjGacYk&list=PLsyeobzWxl7pe_IiTfNyr55kwJPWbgxB5&index=3','<h3><strong>A few basic Java programs are mentioned below.</strong></h3><p><strong>Program - 1</strong></p><p><strong>FileName:</strong> <a target=\"_blank\" rel=\"noopener noreferrer nofollow\" class=\"text-blue-600 hover:text-blue-800 underline\" href=\"http://DemoClass.java\">DemoClass.java</a></p><ol><li><p>//&nbsp;Importing&nbsp;different&nbsp;classes&nbsp;&nbsp;</p></li><li><p><strong>import</strong>&nbsp;<a target=\"_blank\" rel=\"noopener noreferrer nofollow\" class=\"text-blue-600 hover:text-blue-800 underline\" href=\"http://java.io\">java.io</a>.*;&nbsp;&nbsp;</p></li><li><p>&nbsp;&nbsp;</p></li><li><p>//&nbsp;Main&nbsp;class&nbsp;&nbsp;</p></li><li><p><strong>public</strong>&nbsp;<strong>class</strong>&nbsp;DemoClass&nbsp;&nbsp;&nbsp;</p></li><li><p>{&nbsp;&nbsp;</p></li><li><p>&nbsp;&nbsp;</p></li><li><p>//&nbsp;main&nbsp;method&nbsp;&nbsp;</p></li><li><p><strong>public</strong>&nbsp;<strong>static</strong>&nbsp;<strong>void</strong>&nbsp;main(String&nbsp;argvs[])&nbsp;&nbsp;</p></li><li><p>{&nbsp;&nbsp;</p></li><li><p>&nbsp;&nbsp;</p></li><li><p>System.out.println(\"Welcome&nbsp;to&nbsp;javaTpoint.\");&nbsp;&nbsp;</p></li><li><p>}&nbsp;&nbsp;</p></li><li><p>}&nbsp;</p></li></ol>',2,'2025-01-02 14:35:06','2025-01-09 07:57:46',NULL),('27a5906f-5ee3-47f0-9d04-4d7b0c8ce534','67c1fb38-b0c7-11ef-aeb2-d8bbc114656c','intro','https://www.youtube.com/watch?v=Vi9bxu-M-ag&list=PLDzeHZWIZsTo0wSBcg4-NMIbC0L8evLrD','<h1><strong>learn Full Stack Web Development using MERN Stack</strong></h1><p></p>',1,'2025-01-02 14:54:21','2025-01-09 07:57:37',NULL),('29574975-ec72-4f33-a498-6ff367201201','67c533b7-b0c7-11ef-aeb2-d8bbc114656c','Introduction','https://www.youtube.com/watch?v=fVa0iGTls9o&list=PLhRenJNVtelXlv-ugiSFjgZws4rG2o1Mw&index=1','<p>These courses provide you with crucial quantitative knowledge, but it’s also much more than just a learning tool – Business Fundamentals re-trains your brain on how to think academically and helps you transition smoothly into a school mindset.</p>',1,'2025-01-02 14:21:34','2025-01-09 07:56:44',NULL),('2f281516-e834-4137-9aef-588ca73bdbe7','ff4ae1c5-00d8-4eca-8127-78980f5cf8b6','Intro','https://www.youtube.com/watch?v=YHBVjv4MYXE&list=PL8dPuuaLjXtNamNKW5qlS-nKgA0on7Qze&index=1','<p>Entrepreneurship includes <strong>the creation or extraction of economic value</strong>. It is the act of being an entrepreneur, or the owner or manager of a business enterprise who, by risk and initiative, attempts to make profits. Entrepreneurs act as managers and oversee the launch and growth of an enterprise.</p>',1,'2025-01-02 14:15:24','2025-01-09 07:56:54',NULL),('30443b23-00b3-4f76-a2a9-db5f89ec97f1','9cb4641f-1f16-4e3c-9dac-78aaf9d91dfc','Master Layers','https://www.youtube.com/watch?v=unCS9syPJjg&list=PLLlSBGLVsEPIFGSGw2zJ2K43V5vxMMMTE&index=2','<p><strong>Move Tool:</strong></p><p>This tool can be used to move items around<br><strong>Marquee Tool:</strong></p><p>This tool can be used to make selections. There are four different types which are:<br><strong>Rectangular</strong> - This will make a Rectangular selection<br><strong>Elliptical</strong> - This will make a Elliptical selection<br><strong>SingleColumn</strong> - This will make a Column selection<br><strong>SingleRow</strong> - This will make a Row selection</p><p><strong>Lasso:</strong></p><p>This tool can also be used to make selections. There are three different types which are:<br><strong>Lasso</strong> - This can make free hand selection<br><strong>PolygonalLasso</strong> - This will make selection with lines<br><strong>MagneticLasso</strong> - This will make selection by shaping onto objects.<br></p><p></p>',3,'2025-01-02 13:55:30','2025-01-09 07:54:53',NULL),('31296bab-9e3c-486e-a310-89340ebef9d5','67c1fb58-b0c7-11ef-aeb2-d8bbc114656c','Java Introduction','https://www.youtube.com/watch?v=bm0OyhwFDuY&list=PLsyeobzWxl7pe_IiTfNyr55kwJPWbgxB5&index=1','<p>Java is an object-oriented, class-based programming language. The language is designed to have as few dependencies implementations as possible. The intention of using this language is to give relief to the developers from writing codes for every platform. The term WORA, write once and run everywhere is often associated with this language. It means whenever we compile a Java code, we get the byte code (.class file), and that can be executed (without compiling it again) on different platforms provided they support Java. In the year 1995, Java language was developed. It is mainly used to develop web, desktop, and mobile devices. The Java language is known for its robustness, security, and simplicity features. That is designed to have as few implementation dependencies as possible.</p>',1,'2025-01-02 14:35:06','2025-01-09 07:57:46',NULL),('336ed819-2895-41a3-999d-634029cb64d7','43892d65-e7d4-4aab-9eb0-e98cfe6e6e00','How to Create and Name Vectors in R','https://www.youtube.com/watch?v=w5dOALbZ9HE&list=PLjgj6kdf_snYBkIsWQYcYtUZiDpam7ygg&index=3','<p>First things first: creating a vector in R! You use the <code>c()</code> function for this, which allows you to combine values into a vector. Suppose you\'re playing a basic card game, and record the suit of 5 cards you draw from a deck. A possible outcome and corresponding vector to contain this information could be this one  Of course we could also assign this character vector to a new variable, drawn_suits for example.  We now have a character vector, drawn_suits.  We can assert that it is a vector, by typing is dot vector drawn_suits  Likewise, you could create a vector of integers for example to store how much cards of each suit remain after you drew the 5 cards. Let\'s call this vector remain. There are 11 more spades, 12 more hearts, 11 diamonds, and all 13 clubs still remain.  If you print remain to the console, ..., it looks ok, but it\'s not very informative. How does somebody else know that the first value corresponds to spades? Wouldn\'t it be useful if you could attach labels to the vector elements? You can do this in R by naming the vector.  You can use the <code>names()</code> function for this. Let\'s first create another character vector, <code>suits</code>, that contains the strings \"spades\", \"hearts\", \"diamonds\", and \"clubs\", the names you want to give your vector elements.  Now, this line of code, ..., sets the names of the elements in <code>remain</code> to the strings in suits. If you now print remain to the console, ... , you\'ll see that the suits information is accompanied by the proper labels. Great! If you don\'t want to bother with setting the names afterwards, you could just as well create a named vector with a one liner. You can use equals signs inside the <code>c()</code> function:  Notice that here, it\'s not necessary to surround the names, \"spades\", \"hearts\", \"diamonds\" and \"clubs\", with double quotes, although this also works perfectly fine.  In all three cases, the result is exactly the same. Under the hood, R vectors have attributes associated with them. What you did when you set the names of the remain vector, is actually setting the names attributes of the remains object. The <code>str()</code> function, that compactly displays the the structure of an R object, shows this.</p>',3,'2025-01-02 13:49:34','2025-01-09 07:53:20',NULL),('38b78cd9-0dbe-4cc4-b3c8-fbaa035470a4','67c6c73b-b0c7-11ef-aeb2-d8bbc114656c','Brand Extensions ','https://www.youtube.com/watch?v=9rymwtv6JQo&list=PL-0ZwCkamgnIHA016rHFC5Ymbc5KkXU-v&index=2','<p>Brand extension is, when a company introduces a new product under an existing brand name.  Parent brands are the existing brands that the new extended brands are going to be introduced. Sub-brands are the new extended brands that get introduced.  <br></p>',2,'2025-01-02 14:43:13','2025-01-09 07:58:14',NULL),('3f7dbec0-42a0-4bdc-bfce-c434d64a9364','67c9dba1-b0c7-11ef-aeb2-d8bbc114656c','Introduction','https://www.youtube.com/watch?v=9S67UR832_Q&list=PLOZiEc7ESUiE3Jdo1hkWfNvQpxaamHA9L&index=1','<p>Learn Chinese Mandarin with Lenguin. Be sure to subscribe to stay updated on the new videos we upload every couple of days. The course goes from beginner, through intermediate, and onto advanced levels all in easy to follow steps.</p>',1,'2025-01-02 14:49:26','2025-01-09 07:58:33',NULL),('3ff20b5b-1adf-4b3f-a897-dfabff6eb304','3e9ebee8-92c1-457d-a6e5-356dd214b5c0','Chapter 2: The Evolution of Eminem\'s Legacy','https://www.youtube.com/watch?v=lKJ3gG87Wns','<h3>Chapter 2: <strong>The Evolution of Eminem\'s Legacy</strong></h3><p>As Eminem’s career progressed, he demonstrated an incredible ability to adapt and evolve, cementing his place as a timeless figure in the music industry. After the meteoric rise following <em>The Marshall Mathers LP</em>, he faced the challenge of sustaining his success while navigating the pressures of fame, personal turmoil, and the ever-changing landscape of hip-hop.</p><p>In 2002, Eminem released <em>The Eminem Show</em>, a deeply introspective album that highlighted his growth as an artist and a person. Tracks like \"Without Me,\" \"Sing for the Moment,\" and \"Hailie’s Song\" balanced humor, raw emotion, and sharp social commentary. The album won the Grammy for Best Rap Album and solidified his ability to blend commercial appeal with artistic depth.</p><p>Simultaneously, Eminem ventured into acting with <em>8 Mile</em>, a semi-autobiographical film about a young rapper navigating the challenges of poverty, race, and self-doubt. The movie’s success was amplified by its soundtrack, particularly the anthem \"Lose Yourself,\" which won an Academy Award and became an enduring symbol of perseverance and seizing opportunity.</p><p>However, success came at a cost. By the mid-2000s, Eminem faced struggles with addiction, the loss of close friends like Proof, and waning creative motivation. His 2004 album <em>Encore</em> received mixed reviews, signaling a period of turbulence. Yet, this chapter of vulnerability and self-doubt only added to the depth of his legacy.</p><p>In 2009, Eminem made a triumphant return with <em>Relapse</em>, his first studio album in five years. It was a raw exploration of his battle with addiction and his journey toward recovery. While some criticized the album\'s darker themes, it showcased his technical brilliance and willingness to confront his demons. This was followed by <em>Recovery</em> in 2010, an album that resonated deeply with listeners for its themes of redemption and resilience. Tracks like \"Not Afraid\" and \"Love the Way You Lie\" reflected a more mature Eminem, committed to growth and introspection.</p><p>As hip-hop evolved, Eminem embraced new challenges to remain relevant. In 2013, he released <em>The Marshall Mathers LP 2</em>, a sequel to his classic album, which paid homage to his roots while showcasing his evolution as an artist. With hits like \"Rap God\" and \"The Monster\" featuring Rihanna, he proved his ability to compete with the new generation of artists while retaining his unique identity.</p><p>The latter years of Eminem’s career have been characterized by his defiance of expectations. Albums like <em>Kamikaze</em> (2018) and <em>Music to Be Murdered By</em> (2020) showed that he could still dominate the charts and spark conversations. Eminem’s music continued to evolve, addressing contemporary issues, criticizing his detractors, and reflecting on his legacy.</p><p>Beyond music, Eminem’s impact has extended to philanthropy and mentorship. He has supported various causes through the Marshall Mathers Foundation and helped nurture upcoming artists through Shady Records. His influence can be seen in the countless rappers who cite him as an inspiration, proving that his legacy transcends generations.</p><p>Eminem’s journey from a young dreamer in Detroit to a global icon has been one of constant reinvention and resilience. With each chapter of his life, he has reaffirmed his status as not just a rapper, but a cultural phenomenon.</p>',2,'2025-01-03 20:18:18','2025-01-04 17:40:03',NULL),('4134a928-2e38-4286-8eab-b51b31f1b4b4','3e9ebee8-92c1-457d-a6e5-356dd214b5c0','Chapter 1: Eminem\'s legacy','https://www.youtube.com/watch?v=YVkUvmDQ3HY','<p>Eminem, born Marshall Bruce Mathers III on October 17, 1972, is one of the most influential and celebrated artists in the history of hip-hop. Hailing from Detroit, Michigan, his journey to superstardom is a testament to resilience, talent, and an unapologetic embrace of his struggles. Widely known as the \"Rap God,\" Eminem’s lyrical genius, rapid-fire delivery, and raw storytelling have earned him accolades across the globe.</p><p>Eminem’s breakthrough came in 1999 with <em>The Slim Shady LP</em>, an album that introduced the world to his alter ego, Slim Shady, characterized by dark humor and provocative themes. Tracks like \"My Name Is\" captured attention for their boldness and creativity. The album won him a Grammy Award for Best Rap Album, a harbinger of the monumental success that would follow.</p><p>In 2000, <em>The Marshall Mathers LP</em> elevated his status from rising star to hip-hop legend. It became one of the fastest-selling albums in U.S. history, featuring hits like \"Stan\" and \"The Real Slim Shady.\" The album showcased Eminem’s ability to merge intricate rhymes with profound narratives, delving into his struggles with fame, family, and inner demons.</p><p>Eminem\'s career has been marked by his openness about personal challenges. Songs like \"Mockingbird\" and \"Cleanin’ Out My Closet\" offer raw insights into his tumultuous relationship with his mother and his role as a father. His candidness about addiction and mental health, particularly in albums like <em>Relapse</em> and <em>Recovery</em>, resonates with fans who appreciate his authenticity.</p><p>Despite controversy surrounding his lyrics, often criticized for being explicit or offensive, Eminem has defended his artistry as a reflection of his reality and a means of self-expression. Over the years, his work has sparked conversations about freedom of speech, mental health, and societal issues, underscoring his impact beyond music.</p><p>Eminem’s accolades include 15 Grammy Awards, an Academy Award for Best Original Song for \"Lose Yourself\" from the movie <em>8 Mile</em>, and induction into the Rock and Roll Hall of Fame in 2022. His influence extends beyond music, inspiring countless artists and contributing to hip-hop\'s mainstream acceptance.</p><p>One of the defining features of Eminem’s artistry is his technical prowess. His ability to craft multi-syllabic rhymes, weave complex wordplay, and maintain a relentless flow has cemented his reputation as one of the greatest rappers of all time. Songs like \"Rap God\" and \"Godzilla\" showcase his unmatched speed and dexterity, pushing the boundaries of what’s possible in rap.</p><p>Eminem’s legacy is not just about record sales or awards. It’s about resilience, transformation, and staying true to oneself in a world that often demands conformity. His story is a reminder that art, at its core, is about authenticity and the courage to share one’s truth. From a kid in Detroit with big dreams to a global icon, Eminem’s journey is a testament to the power of words and the indomitable human spirit.</p>',1,'2025-01-03 20:13:19','2025-01-04 17:40:03',NULL),('43a41124-afd6-4f73-a57d-174ab46bd71a','67c38828-b0c7-11ef-aeb2-d8bbc114656c','intro','https://www.youtube.com/watch?v=_6Tl2_eM0DE&list=PLl0Umi92CQzUiSX7uY-_XuI3LeSUyCysm','<p>UI design is a process; starting from nothing and ending up with final, high-fidelity UI designs. This high-level overview will take you through the entire UI design process, the purpose of each UI design stage and the best UI design tools to use.</p>',1,'2025-01-02 14:46:52','2025-01-02 14:46:52',NULL),('46fe3979-f229-4bae-a17c-f8d78b47d83d','67c9dbdc-b0c7-11ef-aeb2-d8bbc114656c','Learn German For Beginners - German A1 - Session 2 - Alphabet','https://www.youtube.com/watch?v=E01ICB0ecvk&list=PLfkMiRNoh-8yhDUc3ENxV2uewpxiaACT3&index=2','<p>Ä is the <em>umlaut</em> vowel with the closest sound equivalent in English. Ä sounds like the short “eh” sound in the English word “head”. The sound can be elongated in some words, but make sure it does <em>not</em> slide into an “ay” sound.</p><p>The Ö and Ü vowels are more challenging because their sounds don’t exist in the English language. For Ö, start by forming the word “look” in your mouth, then purse your lips into an “O” shape. To create the Ü sound, start to make an “eww” sound as if something is disgusting, and then purse your lips like you are going to whistle. Don’t be afraid to look silly or exaggerate the sound!</p>',2,'2025-01-02 13:44:27','2025-01-09 07:58:47',NULL),('5474bcf6-a589-42f4-ba09-a6ec26af1969','43892d65-e7d4-4aab-9eb0-e98cfe6e6e00','The basic data types in R','https://www.youtube.com/watch?v=hxlHQ2AtLUk&list=PLjgj6kdf_snYBkIsWQYcYtUZiDpam7ygg&index=2','<p>In the previous video you saw that R is also know as the Language for Statistical Computing. Data is the center of any statistical analysis, so let me introduce you to some of R\'s fundamental data types, also called atomic vector types. Throughout our experiments, we will use the function class(). This is a useful way to see what type a variable is. Let\'s head over to the console and start with TRUE, in capital letters.  TRUE is a logical. That\'s also what class(TRUE) tells us. Logicals are so-called boolean values, and can be either <code>TRUE</code> or <code>FALSE</code>.  Well, actually, <code>NA</code>, to denote missing values, is also a logical, but I won\'t go into detail on that here. <code>TRUE</code> and <code>FALSE</code> can be abbreviated to <code>T</code> and <code>F</code> respectively, as you can see here. However, I want to strongly encourage you to use the full versions, <code>TRUE</code> and <code>FALSE</code>.  Next, let\'s experiment with numbers. The values 2 and 2.5 are called numerics in R. You can perform all sorts of operations on them such as addition, subtraction, multiplication, division and many more. A special type of numeric is the integer. It is a way to represent natural numbers like 1 and 2. To specify that a number is integer, you can add a capital L to them.   You don\'t see the difference between the integer 2 and the numeric 2 from the output. However, the <code>class()</code> function reveals the difference.  Instead of asking for the class of a variable, you can also use the is-dot-functions to see whether variables are actually of a certain type. To see if a variable is a numeric, we can use the is-dot-numeric function.  It appears that both are numerics. To see if a variable is integer, we can use is-dot-integer.  This shows us that integers are numerics, but that not all numerics are integers, so there\'s some kind of type hierarchy going on here.  Last but not least, there\'s the character string. The class of this type of object is \"character\".  It\'s important to note that there are other data types in R, such as double for higher precision numerics, complex for handling complex numbers, and raw to store raw bytes. However, you will have tons of fun working with numerics, integers, logicals and characters in the remainder of this introductory course so we\'ll leave these alone for now.  There are cases in which you want to change the type of a variable to another one. How would that work? This is where coercion comes into play! By using the as dot functions one can coerce the type of a variable to another type. Many ways of transformation between types are possible. Have a look at these examples.  The first command here coerces the logical TRUE to a numeric. FALSE, however, coerces to the numeric zero. We can also coerce numerics to characters. But what about the other way around? Can you also coerce characters to numerics? Sure you can!  You can even convert this character string, \"4.5\", to an integer, but this implies some information loss, because you cannot keep the decimal part here. But beware: coercion, as in converting data types, is not always possible. Let\'s try to convert the character \"Hello\" to a numeric.  This conversion outputs an NA, a missing value. R doesn\'t understand how to transform \"Hello\" into a numeric, and decides to return a Not Available instead.</p>',2,'2025-01-02 13:49:34','2025-01-09 07:53:20',NULL),('56b05ed0-5d75-4d20-8a20-24ad4f742557','a09b84be-7de4-41e3-a0b6-03267f3c8b6d','Free Online Baking Class||Episode 1|| Tools For Cake Making|','https://www.youtube.com/watch?v=kAiA9rkSfSU&list=PLI44ziEmNxs35NaF9VAr-61sbCJR7lAYf','<p><strong>Free Online Baking Class - Episode 1: Tools for Cake Making</strong></p><p>Welcome to the first episode of our Free Online Baking Class! In this session, we will cover the essential tools you need for successful cake making. Whether you are a beginner or looking to refine your baking skills, having the right tools is crucial for achieving the best results.</p><p><strong>1. Mixing Bowls:</strong> Mixing bowls are fundamental in cake making. You\'ll need a set of bowls in various sizes for combining ingredients, mixing batters, and preparing frostings. Stainless steel, glass, or heavy-duty plastic bowls are preferred for their durability and ease of cleaning.</p><p><strong>2. Measuring Cups and Spoons:</strong> Accuracy in measuring ingredients is vital in baking. Use dry measuring cups for ingredients like flour and sugar, and liquid measuring cups for liquids like milk and oil. Measuring spoons are equally important for smaller quantities of ingredients such as baking powder, vanilla extract, and spices.</p><p><strong>3. Whisks and Electric Mixers:</strong> A good whisk is essential for blending ingredients and adding air to batters. For more efficiency, especially with larger batches, an electric hand mixer or a stand mixer with various attachments can save time and ensure thorough mixing.</p><p><strong>4. Spatulas and Scrapers:</strong> Flexible silicone spatulas are perfect for scraping bowls clean and folding ingredients gently. Offset spatulas are useful for spreading batter evenly in pans and applying frosting smoothly on cakes.</p><p><strong>5. Sifters and Sieves:</strong> Sifting dry ingredients like flour and cocoa powder helps to aerate them, remove lumps, and ensure even mixing. A fine-mesh sieve or a flour sifter is indispensable for this task.</p><p><strong>6. Cake Pans:</strong> Choosing the right cake pan is critical. Round, square, and rectangular pans in various sizes are staples. Non-stick pans are convenient, but make sure to line them with parchment paper or grease and flour them to ensure easy cake release. Bundt pans, springform pans, and cupcake tins are also great additions to your collection.</p><p><strong>7. Cooling Racks:</strong> Proper cooling is key to preventing soggy cakes. Cooling racks allow air to circulate around the cake, helping it cool evenly and quickly. This step is crucial before applying any frosting or decoration.</p><p><strong>8. Decorating Tools:</strong> For finishing touches, decorating tools like piping bags, nozzles, and decorating combs are essential. A turntable can be incredibly helpful for evenly frosting and decorating your cake. For intricate designs, having a variety of piping tips will allow you to create different textures and patterns.</p><p><strong>9. Baking Sheets and Parchment Paper:</strong> Baking sheets are not just for cookies; they can be used for baking thin layers of cake, making roll cakes, or even as a base for assembling multi-layered cakes. Parchment paper is a baker\'s best friend for lining pans and ensuring non-stick results.</p><p><strong>10. Timer and Oven Thermometer:</strong> Timing is everything in baking. A reliable kitchen timer ensures that you bake your cakes for the correct duration. Since oven temperatures can vary, an oven thermometer helps you monitor and adjust the heat for consistent baking results.</p><p>By equipping yourself with these essential tools, you\'ll be well on your way to creating delicious and beautifully crafted cakes. Stay tuned for the next episode, where we\'ll dive into basic cake recipes and techniques. Happy baking!</p>',1,'2025-01-08 16:06:04','2025-01-08 16:06:04',NULL),('58ab7dfd-3442-46a9-962e-5bfb46d2f3e9','65857080-8444-4309-935d-84de317e7abe','Intro to GoLang','https://www.youtube.com/watch?v=X4q1OM0voO0&list=PLRAV69dS1uWSR89FRQGZ6q9BR2b44Tr9N&index=2','<p>Golang is an awesome, simple, modern, and fast programming language.</p><p>It’s compiled, open source, and strongly typed.</p><p>Golang – also called Go – was created by Google engineers with these main goals:</p><ul><li><p>make their projects compile (and run) faster</p></li><li><p>be simple so people can pick it up in little time</p></li><li><p>be low level enough but also avoid some pitfalls of being too low level</p></li><li><p>be portable (compiled Go programs are binaries that do not require other files to run and are cross-platform, so they can be distributed easily)</p></li><li><p>be boring, stable, predictable, offer less opportunities to make mistakes</p></li><li><p>make it easy to take advantage of multiprocessor systems</p></li></ul>',1,'2024-12-29 12:25:14','2025-01-09 07:53:10',NULL),('5a9c845a-d9cf-4b17-951f-d14cf43f6e5f','67c533b7-b0c7-11ef-aeb2-d8bbc114656c','Core values','https://www.youtube.com/watch?v=Pz_-nzL_K2U&list=PLhRenJNVtelXlv-ugiSFjgZws4rG2o1Mw&index=2','<p>With a strong focus on developing the skills needed for today`s business environment, this one-year Ontario College Certificate program prepares you to carry out a variety of business functions within an organization. You develop practical understanding of key principles and practices necessary to pursue future studies in the field of business or for an entry-level position in business. This program may also appeal to those who have existing careers or credentials who wish to enhance their fundamental business knowledge and skills.</p>',2,'2025-01-02 14:21:34','2025-01-09 07:56:44',NULL),('62ee71c7-0f42-4fa6-a604-48c48a80f26d','d3ef6eed-a441-4bb6-8d9e-20f95521f764','count in Japanese','https://www.youtube.com/watch?v=bOUqVC4XkOY&list=PL4071737C12790477&index=2','<p>In this lesson you will learn how to count numbers in Japanese from 1 to 100.  1 = ichi 2 = ni 3 = san 4 = yon / shi 5 = go 6 = roku 7 = nana / shichi 8 = hachi 9 = kyuu 10 = jyuu 11 = jyuu-ichi 12 = jyuu-ni</p>',2,'2025-01-02 14:06:21','2025-01-09 07:55:28',NULL),('69664d41-97f4-4a6a-a4c4-6cac6adcb658','d3ef6eed-a441-4bb6-8d9e-20f95521f764','Introduction ','https://www.youtube.com/watch?v=rGrBHiuPlT0&list=PL4071737C12790477&index=1','<p>This introductory sample lesson covers eight basic greetings:  Good Morning - Ohayou (casual) gozaimasu (formal) Good Afternoon - Konnichiwa Good Evening - Konbanwa Goodbye - Sayounara Goodnight - Oyasumi nasai Thank You - Arigatou (casual) gozaimasu (formal) Excuse me, I\'m sorry - Sumimasen How do you do (nice to meet you) - Hajimemashite, dozo yoroshiku</p>',1,'2025-01-02 14:06:21','2025-01-09 07:55:28',NULL),('6d075509-3f9a-478c-81b4-c54ec6108705','67c6c323-b0c7-11ef-aeb2-d8bbc114656c','Types of Digital Marketing','https://www.youtube.com/watch?v=gD3IBOUDE8U&list=PLEiEAq2VkUULAXukX4O2pC5Dlod68wJXD&index=3','<ul><li><p><a target=\"_blank\" rel=\"noopener noreferrer nofollow\" class=\"text-blue-600 hover:text-blue-800 underline\" href=\"https://www.autify.co.uk/blog/types-of-digital-marketing/#content-marketing\">Content Marketing&nbsp;</a></p></li><li><p><a target=\"_blank\" rel=\"noopener noreferrer nofollow\" class=\"text-blue-600 hover:text-blue-800 underline\" href=\"https://www.autify.co.uk/blog/types-of-digital-marketing/#search-engine-optimisation\">Search Engine Optimisation (SEO)&nbsp;</a></p></li><li><p><a target=\"_blank\" rel=\"noopener noreferrer nofollow\" class=\"text-blue-600 hover:text-blue-800 underline\" href=\"https://www.autify.co.uk/blog/types-of-digital-marketing/#pay-per-click\">Pay-Per-Click (PPC)&nbsp;</a></p></li><li><p><a target=\"_blank\" rel=\"noopener noreferrer nofollow\" class=\"text-blue-600 hover:text-blue-800 underline\" href=\"https://www.autify.co.uk/blog/types-of-digital-marketing/#social-media-marketing\">Social Media Marketing&nbsp;</a></p></li><li><p><a target=\"_blank\" rel=\"noopener noreferrer nofollow\" class=\"text-blue-600 hover:text-blue-800 underline\" href=\"https://www.autify.co.uk/blog/types-of-digital-marketing/#email-marketing\">Email Marketing&nbsp;</a></p></li><li><p><a target=\"_blank\" rel=\"noopener noreferrer nofollow\" class=\"text-blue-600 hover:text-blue-800 underline\" href=\"https://www.autify.co.uk/blog/types-of-digital-marketing/#mobile-marketing\">Mobile Marketing&nbsp;</a></p></li><li><p><a target=\"_blank\" rel=\"noopener noreferrer nofollow\" class=\"text-blue-600 hover:text-blue-800 underline\" href=\"https://www.autify.co.uk/blog/types-of-digital-marketing/#affiliate-marketing\">Affiliate Marketing</a>&nbsp;</p></li><li><p><a target=\"_blank\" rel=\"noopener noreferrer nofollow\" class=\"text-blue-600 hover:text-blue-800 underline\" href=\"https://www.autify.co.uk/blog/types-of-digital-marketing/#video-marketing\">Video Marketing&nbsp;</a></p></li><li><p><a target=\"_blank\" rel=\"noopener noreferrer nofollow\" class=\"text-blue-600 hover:text-blue-800 underline\" href=\"https://www.autify.co.uk/blog/types-of-digital-marketing/#audio-marketing\">Audio Marketing&nbsp;</a></p></li><li><p><a target=\"_blank\" rel=\"noopener noreferrer nofollow\" class=\"text-blue-600 hover:text-blue-800 underline\" href=\"https://www.autify.co.uk/blog/types-of-digital-marketing/#voice-search-marketing\">Voice Search Marketing&nbsp;</a></p></li><li><p><a target=\"_blank\" rel=\"noopener noreferrer nofollow\" class=\"text-blue-600 hover:text-blue-800 underline\" href=\"https://www.autify.co.uk/blog/types-of-digital-marketing/#instant-messaging-marketing\">Instant Messaging Marketing</a>&nbsp;</p></li><li><p><a target=\"_blank\" rel=\"noopener noreferrer nofollow\" class=\"text-blue-600 hover:text-blue-800 underline\" href=\"https://www.autify.co.uk/blog/types-of-digital-marketing/#chatbot-marketing\">Chatbot Marketing</a></p></li></ul>',2,'2025-01-02 14:40:55','2025-01-09 07:57:09',NULL),('6d7446df-10d7-43ea-aaf8-7a3f0e9eb211','43892d65-e7d4-4aab-9eb0-e98cfe6e6e00','new chapter','https://www.youtube.com/watch?v=8on1YFp1SAU','<p>tsdfsdkfj</p>',1,'2024-12-20 18:18:29','2025-01-09 07:53:20',NULL),('706e097f-1ef3-4d3b-a514-0918ec6a550d','67c84b29-b0c7-11ef-aeb2-d8bbc114656c','Intro','https://www.youtube.com/watch?v=kz184QIO4ZQ','<p>Data Science is used in many industries in the world today, e.g. banking, consultancy, healthcare, and manufacturing.</p><p>Examples of where Data Science is needed:</p><ul><li><p>For route planning: To discover the best routes to ship</p></li><li><p>To foresee delays for flight/ship/train etc. (through predictive analysis)</p></li><li><p>To create promotional offers</p></li><li><p>To find the best suited time to deliver goods</p></li><li><p>To forecast the next years revenue for a company</p></li><li><p>To analyze health benefit of training</p></li><li><p>To predict who will win elections</p></li></ul>',1,'2025-01-02 14:30:03','2025-01-02 15:04:05',NULL),('75e26649-8ec8-43f8-a33c-fc007283abfc','9cb4641f-1f16-4e3c-9dac-78aaf9d91dfc','Lesson 1','https://www.youtube.com/watch?v=xTzvQkOll2U&list=PLLlSBGLVsEPIFGSGw2zJ2K43V5vxMMMTE&index=1','<p>Some fundamental knowledge of Photoshop can help you take the first steps to creating impressive digital artwork using photos, textures, shapes, and line drawings. Dive in and start a simple project, such as a postcard, to see what you can do.</p>',1,'2025-01-02 13:55:30','2025-01-09 07:54:53',NULL),('78258f78-c5b6-4f93-8c6c-851f74925691','67c1f7d8-b0c7-11ef-aeb2-d8bbc114656c','chapter2','https://www.youtube.com/watch?v=SqrppLEljkY&list=PLGjplNEQ1it_oTvuLRNqXfz_v_0pq6unW&index=10','<p>this</p>',3,'2024-12-20 15:04:55','2025-01-09 07:57:22',NULL),('824b5e04-82d8-438f-b6b7-65915f779fd3','67c1f7d8-b0c7-11ef-aeb2-d8bbc114656c','chapter3','https://www.youtube.com/watch?v=_V33HCZWLDQ&list=PLGjplNEQ1it_oTvuLRNqXfz_v_0pq6unW&index=11','<p>thissisisis</p>',1,'2024-12-20 15:04:55','2025-01-09 07:57:22',NULL),('90290bfb-632e-45fa-a255-c169490aac8b','67c9db3b-b0c7-11ef-aeb2-d8bbc114656c','Important Spanish Phrases and Words','https://www.youtube.com/watch?v=etQvoqugIWY&list=PLkry8pUG1m4sUwHaNVh-4hBCDJ98P__WQ&index=3','<p>This is a step by step course following the book Aula Internacional 1</p>',1,'2025-01-02 14:51:55','2025-01-09 07:58:57',NULL),('95b0323a-3ca4-401a-92aa-11d54a0fe8e3','a82cd26b-ac75-4b18-a0d5-f7ee7f803184','COLOR to Black & White Fade Effect','https://www.youtube.com/watch?v=VROuD1BwK9A&list=PLBrRXoTJAkZBl3XDQEPjVj4okFAHQrVex&index=86','<p><strong>Black and White Effect</strong></p><ul><li><p>Select the Rose footage.</p></li><li><p>Open up the Effects panel by going to the arrows on the Project Bin, in the lower left.</p></li><li><p>Type in Calculations.</p></li><li><p>Drag and drop the Calculations effect onto the Rose footage.</p></li><li><p>In the Effects panel, change the Input Channel to Gray.</p></li><li><p>Move the Playhead to 00;00;01;10.</p></li></ul>',2,'2025-01-02 14:02:19','2025-01-09 07:55:19',NULL),('95cff500-d6f7-47dd-b8cc-0b00c88cb5d2','67c1fc67-b0c7-11ef-aeb2-d8bbc114656c','Creating an RPG C++ / SFML - Part 1 - Hardware Architecture','https://www.youtube.com/watch?v=keRIiXJoQP8&list=PLs6oRBoE2-Q_fX_rzraQekRoL7Kr7s5xi&index=2','<p><a target=\"_blank\" rel=\"noopener\" class=\"text-blue-600 hover:text-blue-800 underline\" href=\"https://www.geeksforgeeks.org/cpp-tutorial/\"><strong>C++</strong></a> is a widely used language in game development due to its performance and flexibility. To master C++ for game development:</p><ul><li><p><strong>Memory Management:</strong> This is like your character\'s inventory management skill—it\'s about efficiently handling resources. Understanding <a target=\"_blank\" rel=\"noopener\" class=\"text-blue-600 hover:text-blue-800 underline\" href=\"https://www.geeksforgeeks.org/cpp-pointers/\"><strong>pointers</strong></a>, <strong>memory allocation</strong>, <a target=\"_blank\" rel=\"noopener\" class=\"text-blue-600 hover:text-blue-800 underline\" href=\"https://www.geeksforgeeks.org/what-is-memory-leak-how-can-we-avoid/\"><strong>memory leaks</strong></a> can helps your game to run smoothly without wasting valuable resources.</p></li><li><p><strong>Object-Oriented Programming (OOP):</strong> Think of <a target=\"_blank\" rel=\"noopener\" class=\"text-blue-600 hover:text-blue-800 underline\" href=\"https://www.geeksforgeeks.org/object-oriented-programming-in-cpp/\"><strong>OOP</strong></a> as your character\'s special moves. It is basically the foundation of structuring your code and data in a way that makes sense for your game. Mastering multiple OOPs concepts like <strong>classes</strong>, <strong>objects</strong>, <a target=\"_blank\" rel=\"noopener\" class=\"text-blue-600 hover:text-blue-800 underline\" href=\"https://www.geeksforgeeks.org/inheritance-in-c/\"><strong>inheritance</strong></a>, and <a target=\"_blank\" rel=\"noopener\" class=\"text-blue-600 hover:text-blue-800 underline\" href=\"https://www.geeksforgeeks.org/cpp-polymorphism/\"><strong>polymorphism </strong></a>gives you powerful tools for creating complex game systems.</p></li><li><p><strong>Performance Optimization: </strong>This is like your character\'s agility and speed. To ensure that your game runs smoothly, you basically need to optimize your code. Techniques like profiling, optimizing algorithms, and managing resources are like leveling up your skills to make your game perform at its best.</p></li><li><p><strong>Data Structures and Algorithms (DSA): </strong>These are like the strategies and tactics your character uses in battles.&nbsp;Leaning&nbsp;<a target=\"_blank\" rel=\"noopener\" class=\"text-blue-600 hover:text-blue-800 underline\" href=\"https://www.geeksforgeeks.org/learn-data-structures-and-algorithms-dsa-tutorial/\"><strong>DSA</strong></a> helps you solve complex difficult problems efficiently, which is very important for creating advanced game mechanics and systems.</p></li></ul>',2,'2025-01-02 14:58:01','2025-01-09 07:57:58',NULL),('9c7eb321-69ae-41d4-9047-c6f1126d9ec3','67c84b29-b0c7-11ef-aeb2-d8bbc114656c','Statistics For Data Science','https://www.youtube.com/watch?v=Lv0xcdeXaGU&list=PLEiEAq2VkUUIEQ7ENKU5Gv0HpRDtOphC6&index=6','<p>Statistics is a fundamental pillar for extracting meaningful insights from complex datasets. It makes acquiring inferences from enormous amounts of data easier. Dealing day and night with data, data scientists need powerful tools and methodologies that would ease the work while performing accurate analysis. Offering the right insights into patterns, trends, predictions, and decision-making, statistics for data science is valuable for testing hypotheses, quantifying uncertainties, and contributing to robustness and analysis reliability.</p>',2,'2025-01-02 14:30:03','2025-01-02 15:04:05',NULL),('a1eeae19-29ea-45f1-90d7-c5564068c1d0','a09b84be-7de4-41e3-a0b6-03267f3c8b6d','Free Online Baking Class||Episode 2|| Material For Cake Making||','https://www.youtube.com/watch?v=QiOoLYN8e1U&list=PLI44ziEmNxs35NaF9VAr-61sbCJR7lAYf&index=2','<p><strong>Free Online Baking Class - Episode 2: Materials for Cake Making</strong></p><p>Welcome to the second episode of our Free Online Baking Class! Today, we will focus on the essential materials needed for cake making. Using high-quality ingredients and understanding their roles in baking will help you achieve the perfect cake every time.</p><p><strong>1. Flour:</strong> Flour is the foundation of most cakes. All-purpose flour is commonly used, but specific recipes might call for cake flour or self-rising flour. Cake flour has a lower protein content, resulting in a lighter, more tender cake.</p><p><strong>2. Sugar:</strong> Sugar not only sweetens the cake but also contributes to its texture and moisture. Granulated sugar is the most common, but other types like brown sugar, powdered sugar, and caster sugar are used for different textures and flavors.</p><p><strong>3. Fats:</strong> Fats such as butter, oil, or margarine are crucial for adding moisture and richness to cakes. Butter provides flavor and structure, while oil often results in a moist, tender crumb.</p><p><strong>4. Eggs:</strong> Eggs provide structure, leavening, and moisture. They help bind ingredients together and add richness. Depending on the recipe, eggs can also contribute to the cake\'s lightness and volume.</p><p><strong>5. Leavening Agents:</strong> Leavening agents like baking powder and baking soda help cakes rise by creating air bubbles. Baking powder is typically used in recipes that do not contain acidic ingredients, while baking soda is used in conjunction with acidic components like buttermilk or lemon juice.</p><p><strong>6. Dairy Products:</strong> Dairy products such as milk, buttermilk, and yogurt add moisture and richness to cakes. They can also contribute to the cake\'s tenderness and flavor.</p><p><strong>7. Flavorings:</strong> Vanilla extract is a staple in most cake recipes, providing a sweet, aromatic flavor. Other extracts like almond, lemon, or orange can be used to add unique flavors. Spices such as cinnamon, nutmeg, and cocoa powder also enhance the taste.</p><p><strong>8. Salt:</strong> A small amount of salt is essential to balance the sweetness and enhance the overall flavor of the cake. It also helps to strengthen the gluten structure, giving the cake a better texture.</p><p><strong>9. Liquid Ingredients:</strong> Liquid ingredients such as water, juice, or coffee are sometimes added to cake batters to adjust consistency and add moisture. These liquids can also enhance flavor depending on the type used.</p><p><strong>10. Add-ins:</strong> Add-ins like nuts, chocolate chips, dried fruits, or fresh fruits can be mixed into the batter to add texture, flavor, and visual appeal. Be sure to fold these in gently to avoid overmixing the batter.</p><p>By understanding and using the right materials, you can create cakes that are not only delicious but also have the perfect texture and appearance. Join us in the next episode, where we will explore basic cake recipes and baking techniques. Happy baking!</p>',2,'2025-01-08 16:06:04','2025-01-08 16:06:04',NULL),('a81e5386-bc5f-4fdb-b798-3133738d8f9f','7ee65d42-a0bd-4d8f-a8f8-3f9a6173bb71','Revolutionary MinecraftLifeHacks: Epic Builds & Adventures!','https://www.youtube.com/watch?v=Y4gnMMB3ax8&list=PLMJCfsZcYmHWI4ZvMbFZl3_9UX9lFGWY5','<body>\n  <div class=\"container\">\n    <h1 class=\"main-title\">? Welcome to the Ultimate Guide for Minecraft Enthusiasts! ?</h1>\n    <p class=\"intro\">\n      ? In this <strong>mind-blowing video</strong>, we unveil a collection of <strong>revolutionary life hacks</strong> that will take your Minecraft skills to a whole new level.\n    </p>\n    <p class=\"intro\">\n      ✨ <strong>Join us on an adventure</strong> as we share <strong>game-changing secrets</strong> and <strong>pro tips</strong> that top gaming YouTubers swear by. Prepare to be amazed as we reveal:\n    </p>\n    <ul class=\"features\">\n      <li>?️ <strong>Jaw-dropping building techniques</strong></li>\n      <li>? <strong>Hidden tricks</strong></li>\n      <li>? <strong>Expert strategies</strong></li>\n    </ul>\n    <p class=\"intro\">\n      ? <strong>Transform your Minecraft world</strong> with hacks that ignite creativity and unlock endless possibilities!\n    </p>\n    <div class=\"highlight-box\">\n      <h2>? What You\'ll Learn:</h2>\n      <ul class=\"features\">\n        <li>Create <strong>stunning structures</strong> effortlessly</li>\n        <li>Uncover <strong>hidden treasures</strong></li>\n        <li>Optimize <strong>resource gathering</strong></li>\n        <li>Streamline your <strong>redstone contraptions</strong></li>\n        <li>Conquer the <strong>Nether</strong> like a true champion</li>\n      </ul>\n    </div>\n    <p class=\"intro\">\n      ? Dive into the world of <strong>command blocks</strong>, where you\'ll discover the power to create <strong>epic custom maps</strong> and incredible adventures.\n    </p>\n    <p class=\"intro\">\n      ? With <strong>captivating visuals</strong>, <strong>step-by-step demonstrations</strong>, and <strong>insider insights</strong>, this video is a <strong>treasure trove</strong> for Minecraft enthusiasts of all levels.\n    </p>\n    <p class=\"intro\">\n      ? Join <strong>millions of viewers</strong> who have embraced these life hacks and witnessed <strong>unbelievable transformations</strong> in their gameplay.\n    </p>\n    <div class=\"call-to-action\">\n      <h2>⚡ Get Ready to:</h2>\n      <ul>\n        <li>Level up your Minecraft gameplay</li>\n        <li>Impress your friends</li>\n        <li>Become the <strong>ultimate master</strong> of the blocky world</li>\n      </ul>\n      <p class=\"cta-text\">\n        ? <strong>Don\'t miss out on this epic adventure!</strong> Hit that play button now and unlock the secrets to becoming a <strong>Minecraft legend!</strong>\n      </p>\n    </div>\n  </div>\n</body>',1,'2024-12-29 17:17:06','2025-01-03 20:13:44',0),('a8352ac6-cf00-49bb-af5b-ba7d40161767','a09b84be-7de4-41e3-a0b6-03267f3c8b6d','Free Online Baking Class ||Episode-3 || Vanilla Spong cake without oven||','https://www.youtube.com/watch?v=x46k70Z61k4&list=PLI44ziEmNxs35NaF9VAr-61sbCJR7lAYf&index=3','<p><strong>Free Online Baking Class - Episode 3: Vanilla Sponge Cake Without Oven</strong></p><p>Welcome to the third episode of our Free Online Baking Class! In this session, we will guide you through making a delicious vanilla sponge cake without using an oven. This method is perfect for those who don\'t have an oven at home but still want to enjoy homemade cake.</p><p><strong>1. Ingredients:</strong> Before we start, gather the following ingredients:</p><ul><li><p>1 cup of all-purpose flour</p></li><li><p>1 cup of sugar</p></li><li><p>4 eggs</p></li><li><p>1/2 cup of milk</p></li><li><p>1/4 cup of oil or melted butter</p></li><li><p>1 teaspoon of vanilla extract</p></li><li><p>1 teaspoon of baking powder</p></li><li><p>A pinch of salt</p></li></ul><p><strong>2. Preparing the Batter:</strong></p><ul><li><p>Start by separating the egg yolks from the egg whites.</p></li><li><p>In a mixing bowl, whisk the egg yolks and sugar until the mixture becomes pale and fluffy.</p></li><li><p>Add the vanilla extract, milk, and oil to the egg yolk mixture and mix well.</p></li><li><p>Sift the flour, baking powder, and salt together, then gradually fold them into the wet ingredients.</p></li></ul><p><strong>3. Whipping the Egg Whites:</strong></p><ul><li><p>In a separate clean bowl, whisk the egg whites until they form stiff peaks. This step is crucial for creating a light and airy sponge.</p></li><li><p>Gently fold the whipped egg whites into the batter in three batches, ensuring not to deflate the mixture.</p></li></ul><p><strong>4. Cooking the Cake:</strong></p><ul><li><p>Grease a deep, heavy-bottomed pan or a large pot with oil or butter and line it with parchment paper.</p></li><li><p>Pour the batter into the prepared pan and cover it with a lid.</p></li><li><p>Place the pan on a stovetop over low heat and cook for 40-45 minutes. You can also use a steamer by placing the pan in a larger pot with a small amount of water at the bottom.</p></li><li><p>To check if the cake is done, insert a toothpick into the center. If it comes out clean, the cake is ready.</p></li></ul><p><strong>5. Cooling and Serving:</strong></p><ul><li><p>Once cooked, remove the cake from the pan and let it cool on a wire rack.</p></li><li><p>After cooling, you can decorate it with frosting, powdered sugar, or fresh fruits as desired.</p></li></ul><p>With these steps, you can create a soft and fluffy vanilla sponge cake without the need for an oven. Join us in the next episode for more exciting baking techniques and recipes. Happy baking!</p>',3,'2025-01-08 16:06:04','2025-01-08 16:06:04',NULL),('a89aebbf-7286-491a-b5f5-9bdf5dfef6d4','43892d65-e7d4-4aab-9eb0-e98cfe6e6e00','Matrix Arithmetic in R','https://www.youtube.com/watch?v=GuZQZDCz4hA&list=PLjgj6kdf_snYBkIsWQYcYtUZiDpam7ygg&index=8','<p>Ever heard about that other classic trilogy, the Lord of the Rings? As for Star Wars, you can build a matrix of box office revenue for both US and non-US regions. The information is saved in the the matrix, lotr_matrix, which has been constructed as follows:  These are astronomical numbers, we\'re talking about millions of US dollars here. What if you wanted to convert this to Euros? At the time of writing, 1 euro converts to 1 point 12 US dollars, so to convert the figures to euros, we\'ll have to divide the figures by 1.12. We can simply use the division operator as if we were performing the division on a single number:  R performs the operation element-wise: each element is divided by 1.12. This works just the same for multiplication, summation and subtraction. Say, for example, that the theaters world-wide claim 50 million dollars on the box office revenue. How much is left for the Lord of the rings concern itself then? We simply subtract 50 from LOTR matrix:  Operating on matrices with single numbers looks pretty straightforward, and this actually also holds when you\'re performing calculations with two matrices. Suppose that instead of demanding the same sum of money for every release, theaters worldwide ask for 50 million for the first release, 80 for the second and 100 for the third. We could build a matrix, say, <code>theater_cut</code>, with the same dimensions as LOTR matrix, that looks as follows  If we now subtract theater_cut from LOTR matrix:  This time, the substraction was also performed element wise: the figures for the Two towers lowered by 80, while the figures for the return of the king were lowered by 100. Makes perfect sense right?  Now, what would happen if we use a vector, containing 50, 80 and 100 to subtract from the lord of the rings matrix? Let\'s try it out.  The result is exactly the same! That\'s because once again, R performed recycling. R realizes that the dimensions of the matrix and the vector don\'t match. Therefore, the vector is extended to a matrix of the same size, and is filled up with the vector elements column by column. The matrix that is thus actually subtracted from the lotr matrix is the following:  This matrix is the exact same one as we built manually before, so the result is the same. Again, blindly trusting R that it performs recycling just the way you want it can be quite a dangerous practice. You should be fully aware of how this recycling is actually happening.  If you are familiar with linear algebra, you might wonder how matrix multiplication would work. Well, in R, multiplication is simply performed element wise. Suppose you want to convert the US dollar figures to euros with the exchange rate at the time of the release, you can again create a new matrix, this time with the amount of euros you should pay for 1 dollar.  Now, we can simply multiply the lord of the rings matrix with the rates matrix:  Again, every calculation is done element-by-element. The top left figure has been multiplied by one point 11, while the bottom right figure was multiplied by point 82.</p>',4,'2025-01-02 13:49:34','2025-01-09 07:53:20',NULL),('a94f1f41-6c53-4b71-8994-c1d642ce52ac','67c6c73b-b0c7-11ef-aeb2-d8bbc114656c','Intro','https://www.youtube.com/watch?v=vt36i2xTOdw&list=PL-0ZwCkamgnIHA016rHFC5Ymbc5KkXU-v&index=1','<p>Sometimes, a single company has more than one brand in the same market. This is usually done to increase the market share and profit margin of the company. Since I talked about brand extensions in details in the previous video on this series, I will only be discussing the concept of two different named brands in the same company.</p>',1,'2025-01-02 14:43:13','2025-01-09 07:58:14',NULL),('b17a1767-edf1-4b8f-a982-34818d19f69e','ff4ae1c5-00d8-4eca-8127-78980f5cf8b6','How to Develop a Business Idea','https://www.youtube.com/watch?v=iywvlUk2Wfg&list=PL8dPuuaLjXtNamNKW5qlS-nKgA0on7Qze&index=3','<p>There are four steps to identifying a good business opportunity. The four steps are:</p><ol><li><p>Find an unmet market need.</p></li><li><p>Create a differentiated solution that meets customers’ needs.</p></li><li><p>Play devil’s advocate.</p></li><li><p>Get market feedback.</p></li></ol>',2,'2025-01-02 14:15:24','2025-01-09 07:56:54',NULL),('b1db732f-095d-4997-8651-68dd9dd0bb3d','7ee65d42-a0bd-4d8f-a8f8-3f9a6173bb71','The BEST Composter Design in Minecraft (Fully Automatic + HIDDEN) Tutorial','https://www.youtube.com/watch?v=0mhQKdlD11s','<p><strong>Minecraft Tutorial: The BEST Composter Design (Fully Automatic + HIDDEN)</strong></p><p>In Minecraft, composters are a fantastic way to recycle plant materials into bone meal, which can be used for farming and decoration. This tutorial will guide you through creating a fully automatic, hidden composter design that is both efficient and aesthetically pleasing.</p><p><strong>Materials Needed:</strong></p><ul><li><p> Composter</p></li><li><p>Hopper</p></li><li><p>Chest</p></li><li><p>Piston</p></li><li><p>Observer</p></li><li><p>Redstone Torch</p></li><li><p>Redstone Dust</p></li><li><p>Block of your choice (for concealment)</p></li><li><p>Plant materials (e.g., seeds, wheat, leaves)</p></li></ul><p><strong>Step 1: Base Setup</strong></p><ol><li><p>Dig a 3x3 area, two blocks deep. This will house the hidden composter system.</p></li><li><p>Place the chest at the bottom center of the area. This chest will collect the bone meal.</p></li><li><p>Attach the hopper directly above the chest. The hopper will funnel items from the composter into the chest.</p></li></ol><p><strong>Step 2: Installing the Composter</strong></p><ol><li><p>Place the composter directly above the hopper. Any items inserted into the composter will pass through the hopper and into the chest once processed.</p></li></ol><p><strong>Step 3: Automating the System</strong></p><ol><li><p>Behind the composter, place an observer facing the composter. The observer will detect when the composter is full and ready to produce bone meal.</p></li><li><p>Place a block behind the observer to hold the redstone torch.</p></li><li><p>Put the redstone torch on the block behind the observer.</p></li><li><p>Directly above the redstone torch, place a block with redstone dust on top. This redstone dust will power the piston when activated.</p></li></ol><p><strong>Step 4: Piston Activation</strong></p><ol><li><p>Place the piston one block above the composter, facing downwards. When triggered, the piston will push down and empty the composter.</p></li></ol><p><strong>Step 5: Concealing the System</strong></p><ol><li><p>Use blocks of your choice to cover the area around the composter, leaving only the top visible for inserting plant materials.</p></li><li><p>If you want the system to be completely hidden, use trapdoors or carpets to blend it into the environment.</p></li></ol><p><strong>How It Works:</strong></p><ul><li><p>As you place plant materials into the composter, it gradually fills up. Once full, the observer detects this and activates the piston.</p></li><li><p>The piston pushes down, emptying the composter and sending bone meal into the chest via the hopper.</p></li><li><p>The process resets, allowing continuous, hands-free composting.</p></li></ul><p><strong>Tips:</strong></p><ul><li><p>Use hoppers or water streams to funnel excess plant materials directly into the composter for a fully automated farm-to-composter system.</p></li><li><p>Consider connecting multiple composters to maximize bone meal production.</p></li><li><p>Experiment with different designs to ensure the system blends seamlessly with your base.</p></li></ul><p>This hidden, automatic composter design is perfect for survival mode, helping you make the most of your resources while keeping your base neat and organized. Happy crafting!</p>',2,'2025-01-03 18:15:57','2025-01-03 20:13:45',NULL),('ca61bc6a-f80f-4a9f-b147-e637f4ef5bc8','67c1fb38-b0c7-11ef-aeb2-d8bbc114656c','Understanding Internet, Networks, Web and more','https://youtu.be/aRUhd1Wd3Sw?si=IA5po1DtPPTvPy_K','<p>Whether you\'re interested in building websites, web applications, or just want to know more about how the web works, this video is a great place to start. We\'ll explain everything in simple terms and provide clear examples to help you understand each concept.  So if you\'re ready to learn about the building blocks of the web, hit the play button and let\'s get started! Don\'t forget to like and subscribe for more web development content.</p>',2,'2025-01-02 14:54:21','2025-01-09 07:57:37',NULL),('d5d03f96-0702-481a-a5cb-7c480c6c41f3','67c9dbdc-b0c7-11ef-aeb2-d8bbc114656c','Introduction to German','https://youtu.be/ZPj5MO4_yDc?si=TSnLkhWr1SKK40so','<p>Knowing some common German phrases can enrich your overall experience because you can communicate with the locals. Lucky for you, the English language has Germanic roots, which can make learning some basic German sayings a bit easier.</p><ul><li><p><strong><em>Thank you</em></strong> – Danke (dan-kuh”)</p></li><li><p><strong><em>You’re welcome</em></strong><em> </em>– Bitteschön (“bit-tuh-shun“)</p></li><li><p><strong><em>Please, excuse me, or pardon</em></strong> – Bitte (“bit-tuh”)</p></li><li><p><strong><em>Yes</em></strong> – Ja (“jah”)</p></li><li><p><strong><em>No</em></strong> – Nein (“nine”)</p></li><li><p><strong><em>Hello</em></strong> – Hallo (“hallo”)</p></li><li><p><strong><em>Goodbye</em></strong> – Auf Wiedersehen (“Owf Veeder-sane”)</p></li><li><p><strong><em>German</em></strong> – Deutsch (“doych”)</p></li></ul>',1,'2025-01-02 13:44:27','2025-01-09 07:58:47',NULL),('e5136a44-f934-4f77-8a40-c67fe8f1b6e1','43892d65-e7d4-4aab-9eb0-e98cfe6e6e00','Basics of R','https://www.youtube.com/watch?v=SWxoJqTqo08&list=PLjgj6kdf_snYBkIsWQYcYtUZiDpam7ygg&index=1','<p>R\'s versatility in data science and its power as a programming language make it an invaluable skill for the future. Learn about data structures in R, how to manipulate and perform calculations on them, and get surprising insights. From optimizing financial portfolios to mapping marketing data, R is the go-to tool.  Understand the console, create variables, and familiarize yourself with the R workspace. We\'ll guide you step by step as we calculate the area of an imaginary rectangle using R. Take your learning further by writing and running your very first R script.</p>',1,'2025-01-02 13:49:34','2025-01-09 07:53:20',NULL),('e79ec129-5f79-4b13-8258-cd2f40228837','67c6c323-b0c7-11ef-aeb2-d8bbc114656c','What Is Digital Marketing? ','https://www.youtube.com/watch?v=bixR-KIJKYM','<p>Digital marketing typically refers to online marketing campaigns that appear on a computer, phone, tablet, or other device. It can take many forms, including online video, display ads, search engine marketing, paid social ads and social media posts.</p>',1,'2025-01-02 14:40:55','2025-01-09 07:57:09',NULL),('ea101d69-d9ac-42b0-aa10-1354506bfd9e','3e9ebee8-92c1-457d-a6e5-356dd214b5c0','ghkhlk','','',3,'2025-01-04 17:34:22','2025-01-04 17:36:04',NULL),('f5171397-5423-4676-b481-27f1d10eed89','67c1fc67-b0c7-11ef-aeb2-d8bbc114656c','intro','https://www.youtube.com/watch?v=esGMreLmed0&list=PLs6oRBoE2-Q_fX_rzraQekRoL7Kr7s5xi','<p>Have you ever wished to create your own video game? If yes then you are at the right place! <strong>C++</strong> is like a magical tool for <strong>game development </strong>as it offers the power to craft graphics and mechanics. Whether you aim for a blockbuster game like \"Counter-Strike\" or an indie hit like \"Undertale,\" mastering C++ is very crucial. With this article, we will explore C++ in game development but note that multiple languages like <strong>C#</strong>, <strong>Java</strong>, and others are also used in the field of game development and each has its own unique strengths.&nbsp;</p>',1,'2025-01-02 14:58:01','2025-01-09 07:57:58',NULL),('fdb6448d-0c78-4c79-b8d5-d62051c99a0c','a82cd26b-ac75-4b18-a0d5-f7ee7f803184','Intro','https://www.youtube.com/watch?v=V5sENw2C97s&list=PLBrRXoTJAkZBl3XDQEPjVj4okFAHQrVex&index=1','<p><a target=\"_blank\" rel=\"noopener\" class=\"text-blue-600 hover:text-blue-800 underline\" href=\"https://blog.fmctraining.com/blog/what-is-adobe-premiere-pro\">Adobe Premiere Pro</a> is a video editing software that has been used for years by professionals and amateurs alike. It can be used to make anything from commercials to TV shows to family videos. Premiere Pro can teach you how to use a timeline, how to edit clips and audio, and how to export your final product.</p>',1,'2025-01-02 14:02:19','2025-01-09 07:55:19',NULL);
/*!40000 ALTER TABLE `chapter` ENABLE KEYS */;
UNLOCK TABLES;

--
-- Table structure for table `course`
--

DROP TABLE IF EXISTS `course`;
/*!40101 SET @saved_cs_client     = @@character_set_client */;
/*!50503 SET character_set_client = utf8mb4 */;
CREATE TABLE `course` (
  `id` char(36) CHARACTER SET utf8mb4 COLLATE utf8mb4_general_ci NOT NULL,
  `title` varchar(191) CHARACTER SET utf8mb4 COLLATE utf8mb4_general_ci NOT NULL,
  `description` text CHARACTER SET utf8mb4 COLLATE utf8mb4_general_ci NOT NULL,
  `imageUrl` varchar(191) CHARACTER SET utf8mb4 COLLATE utf8mb4_general_ci NOT NULL,
  `instructor` varchar(191) CHARACTER SET utf8mb4 COLLATE utf8mb4_general_ci NOT NULL,
  `duration` varchar(191) CHARACTER SET utf8mb4 COLLATE utf8mb4_general_ci NOT NULL,
  `level` enum('BEGINNER','INTERMEDIATE','ADVANCED') CHARACTER SET utf8mb4 COLLATE utf8mb4_general_ci NOT NULL,
  `rating` float DEFAULT '0',
  `students` int DEFAULT '0',
  `createdAt` timestamp NOT NULL DEFAULT CURRENT_TIMESTAMP,
  `updatedAt` timestamp NOT NULL DEFAULT CURRENT_TIMESTAMP ON UPDATE CURRENT_TIMESTAMP,
  `status` enum('draft','published','archived','') CHARACTER SET utf8mb4 COLLATE utf8mb4_general_ci DEFAULT 'draft',
  PRIMARY KEY (`id`)
) ENGINE=InnoDB DEFAULT CHARSET=utf8mb4 COLLATE=utf8mb4_general_ci;
/*!40101 SET character_set_client = @saved_cs_client */;

--
-- Dumping data for table `course`
--

LOCK TABLES `course` WRITE;
/*!40000 ALTER TABLE `course` DISABLE KEYS */;
INSERT INTO `course` VALUES ('3e9ebee8-92c1-457d-a6e5-356dd214b5c0','Eminem: The Art and Evolution of a Rap Icon','Dive into the extraordinary journey of Marshall Mathers, aka Eminem, one of the most influential artists in hip-hop history. This course explores his groundbreaking albums, lyrical genius, and cultural impact. From his Detroit roots to global superstardom, analyze his storytelling, technical prowess, and the themes of resilience, fame, and redemption in his music. Examine his iconic alter egos, controversies, and role in shaping hip-hop’s mainstream acceptance. Whether you\'re a fan or a scholar of music, this course offers a comprehensive look at the legacy of the \"Rap God\" and his enduring influence on music and culture.','https://th.bing.com/th/id/OIP.uMsIOV4rgWa7X7mWRpNCjQHaE7?rs=1&pid=ImgDetMain','','','BEGINNER',3,0,'2025-01-03 20:11:49','2025-01-08 22:46:11','published'),('43892d65-e7d4-4aab-9eb0-e98cfe6e6e00','Learn R',' The true basics of the R programming language','https://www.analytixlabs.co.in/blog/wp-content/uploads/2022/01/Banner-Image-2.png','','','BEGINNER',0,0,'2024-12-20 18:18:06','2025-01-09 07:53:20','published'),('65857080-8444-4309-935d-84de317e7abe','GoLang 101','golang shikho','https://encrypted-tbn0.gstatic.com/images?q=tbn:ANd9GcQ0yyroiDkxheh7J2IpotwI2b3e3v0smLUnmw&s','','','BEGINNER',0,0,'2024-12-29 12:21:31','2025-01-09 07:53:10','published'),('67c1f7d8-b0c7-11ef-aeb2-d8bbc114656c','Modern JavaScript Development','Master JavaScript ES6+, async programming, and modern development practices.','https://images.unsplash.com/photo-1627398242454-45a1465c2479','','','INTERMEDIATE',0,0,'2024-12-02 10:06:35','2025-01-09 07:57:22','published'),('67c1fb38-b0c7-11ef-aeb2-d8bbc114656c','Full Stack Web Development','Build complete web applications with React and Node.js.','https://images.unsplash.com/photo-1593720213428-28a5b9e94613','','','ADVANCED',0,0,'2024-12-02 10:06:35','2025-01-09 07:57:37','published'),('67c1fb58-b0c7-11ef-aeb2-d8bbc114656c','Java Programming Masterclass','Comprehensive Java course covering core concepts to advanced topics.','https://images.unsplash.com/photo-1517694712202-14dd9538aa97','','','INTERMEDIATE',0,0,'2024-12-02 10:06:35','2025-01-09 07:57:46','published'),('67c1fc67-b0c7-11ef-aeb2-d8bbc114656c','C++ Game Development','Learn game development principles using C++ and modern frameworks.','https://images.unsplash.com/photo-1511512578047-dfb367046420','','','ADVANCED',0,0,'2024-12-02 10:06:35','2025-01-09 07:57:58','published'),('67c38828-b0c7-11ef-aeb2-d8bbc114656c','UI/UX Design Fundamentals','Master user interface and experience design principles.','https://images.unsplash.com/photo-1561070791-2526d30994b5','','','BEGINNER',0,0,'2024-12-02 10:06:35','2025-01-02 15:08:20','published'),('67c533b7-b0c7-11ef-aeb2-d8bbc114656c','Business Fundamentals','Start and grow your own successful business.','https://images.unsplash.com/photo-1523240795612-9a054b0db644','','','INTERMEDIATE',0,0,'2024-12-02 10:06:35','2025-01-09 07:56:44','published'),('67c6c323-b0c7-11ef-aeb2-d8bbc114656c','Digital Marketing Fundamentals','Master the basics of digital marketing.','https://encrypted-tbn0.gstatic.com/images?q=tbn:ANd9GcQRrY_OIF1xVajfbd1LYb7vnSSl9WH0HBIpSg&s','','','BEGINNER',0,0,'2024-12-02 10:06:35','2025-01-09 07:57:09','published'),('67c6c73b-b0c7-11ef-aeb2-d8bbc114656c','Brand Marketing','Build and grow strong brand presence.','https://images.unsplash.com/photo-1507679799987-c73779587ccf','','','ADVANCED',0,0,'2024-12-02 10:06:35','2025-01-09 07:58:14','published'),('67c84b29-b0c7-11ef-aeb2-d8bbc114656c','Data Science Fundamentals','Introduction to data science and analytics.','https://images.unsplash.com/photo-1551288049-bebda4e38f71','','','BEGINNER',0,0,'2024-12-02 10:06:35','2025-01-02 15:08:34','published'),('67c9db3b-b0c7-11ef-aeb2-d8bbc114656c','Business Spanish','Spanish for professional environments.','https://images.unsplash.com/photo-1544716278-ca5e3f4abd8c','','','BEGINNER',0,0,'2024-12-02 10:06:35','2025-01-09 07:58:57','published'),('67c9dba1-b0c7-11ef-aeb2-d8bbc114656c','Mandarin Chinese','Learn Mandarin for business and travel.','https://encrypted-tbn0.gstatic.com/images?q=tbn:ANd9GcTAH8vCwu_nD7fDAqgy8l5J7w7Jg7mqQ9fi8w&s','','','BEGINNER',0,0,'2024-12-02 10:06:35','2025-01-09 07:58:33','published'),('67c9dbdc-b0c7-11ef-aeb2-d8bbc114656c','German for Beginners','Learn basic German language skills.','https://images.unsplash.com/photo-1527866959252-deab85ef7d1b','','','BEGINNER',0,0,'2024-12-02 10:06:35','2025-01-09 07:58:47','published'),('7ee65d42-a0bd-4d8f-a8f8-3f9a6173bb71','Minecraft mastery','Minecraft shikhabo hahaahahhaha','https://th.bing.com/th/id/R.935fa4387456f2e47a2f8d1090c64633?rik=2q9sCNxE%2bNCB8g&pid=ImgRaw&r=0','','','BEGINNER',0,0,'2024-12-29 17:11:24','2025-01-03 20:13:44','published'),('9cb4641f-1f16-4e3c-9dac-78aaf9d91dfc','Photoshop for Complete Beginners','The Complete Guide to Getting Started with Photoshop for Beginners!','https://www.creativeitinstitute.com/images/course/course_1662639286.jpg','','','BEGINNER',0,0,'2024-12-20 18:13:59','2025-01-09 07:54:53','published'),('a09b84be-7de4-41e3-a0b6-03267f3c8b6d','Baking Class','Welcome to our Baking Class! This hands-on course teaches essential baking techniques, from mixing to decorating, with a variety of delicious recipes. You\'ll gain practical experience and tips for perfecting breads, pastries, and cakes. By the end, you\'ll have the skills to confidently create treats at home. Join us for a fun and tasty learning journey!','https://i.ytimg.com/vi/VdoE53-DqKk/hq720.jpg?sqp=-oaymwEhCK4FEIIDSFryq4qpAxMIARUAAAAAGAElAADIQj0AgKJD&rs=AOn4CLDfPsn8i_rd5mOyFkD1k-WMBaTBnQ','Molly Wesley','','BEGINNER',3,0,'2025-01-08 16:00:40','2025-01-09 10:25:10','published'),('a82cd26b-ac75-4b18-a0d5-f7ee7f803184','Adobe Premiere Pro CC Beginner','Learn How to Edit Video','https://img-c.udemycdn.com/course/750x422/3831056_e098_8.jpg','','','BEGINNER',0,0,'2024-12-20 18:06:22','2025-01-09 07:55:19','published'),('d3ef6eed-a441-4bb6-8d9e-20f95521f764','Learn Japanese','Basic Japanese','https://snrc.co.in/wp-content/uploads/2020/09/learn-Japanese-language.png','','','BEGINNER',0,0,'2024-12-20 18:05:37','2025-01-09 07:55:28','published'),('ff4ae1c5-00d8-4eca-8127-78980f5cf8b6','Business Entrepreneurship 101','This course is based on a college-level curriculum with a variety of reference texts, including the Strategyzer Business Model Canvas.','https://fineducke.com/assets/images/post/1727367583EjxjDMHn.webp','','','BEGINNER',0,0,'2024-12-20 18:04:19','2025-01-09 07:56:54','published');
/*!40000 ALTER TABLE `course` ENABLE KEYS */;
UNLOCK TABLES;

--
-- Table structure for table `course_ratings`
--

DROP TABLE IF EXISTS `course_ratings`;
/*!40101 SET @saved_cs_client     = @@character_set_client */;
/*!50503 SET character_set_client = utf8mb4 */;
CREATE TABLE `course_ratings` (
  `id` char(36) CHARACTER SET utf8mb4 COLLATE utf8mb4_general_ci NOT NULL,
  `userId` char(36) CHARACTER SET utf8mb4 COLLATE utf8mb4_general_ci NOT NULL,
  `courseId` char(36) CHARACTER SET utf8mb4 COLLATE utf8mb4_general_ci NOT NULL,
  `rating` tinyint NOT NULL,
  `createdAt` timestamp NOT NULL DEFAULT CURRENT_TIMESTAMP,
  PRIMARY KEY (`id`),
  KEY `userId` (`userId`),
  KEY `courseId` (`courseId`),
  CONSTRAINT `course_ratings_ibfk_1` FOREIGN KEY (`userId`) REFERENCES `user` (`id`) ON DELETE CASCADE,
  CONSTRAINT `course_ratings_ibfk_2` FOREIGN KEY (`courseId`) REFERENCES `course` (`id`) ON DELETE CASCADE
) ENGINE=InnoDB DEFAULT CHARSET=utf8mb4 COLLATE=utf8mb4_general_ci;
/*!40101 SET character_set_client = @saved_cs_client */;

--
-- Dumping data for table `course_ratings`
--

LOCK TABLES `course_ratings` WRITE;
/*!40000 ALTER TABLE `course_ratings` DISABLE KEYS */;
INSERT INTO `course_ratings` VALUES ('2f15cd4f-4243-4442-963d-c8ae61d7718e','e9e400c8-8223-4db4-8ef2-0dd20f2f1dd7','a09b84be-7de4-41e3-a0b6-03267f3c8b6d',4,'2025-01-09 10:25:10'),('4ca31bf0-666d-41c2-8520-1e7aa39a3561','b607a245-903d-4297-9ded-f7b3c24fa67a','3e9ebee8-92c1-457d-a6e5-356dd214b5c0',2,'2025-01-08 21:06:54'),('aaf29c34-f3e3-45dc-901e-ee1f9da201e2','1a22a52e-c300-4fc0-b5a9-7af24d4d440a','3e9ebee8-92c1-457d-a6e5-356dd214b5c0',4,'2025-01-08 22:41:39'),('b35fd714-00eb-4e0d-9315-12bc9a7ce692','b607a245-903d-4297-9ded-f7b3c24fa67a','a09b84be-7de4-41e3-a0b6-03267f3c8b6d',2,'2025-01-08 23:54:42');
/*!40000 ALTER TABLE `course_ratings` ENABLE KEYS */;
UNLOCK TABLES;

--
-- Table structure for table `courses_interests`
--

DROP TABLE IF EXISTS `courses_interests`;
/*!40101 SET @saved_cs_client     = @@character_set_client */;
/*!50503 SET character_set_client = utf8mb4 */;
CREATE TABLE `courses_interests` (
  `courseId` char(36) CHARACTER SET utf8mb4 COLLATE utf8mb4_general_ci NOT NULL,
  `interestId` char(36) CHARACTER SET utf8mb4 COLLATE utf8mb4_general_ci NOT NULL,
  PRIMARY KEY (`courseId`,`interestId`),
  KEY `interestId` (`interestId`),
  CONSTRAINT `courses_interests_ibfk_1` FOREIGN KEY (`courseId`) REFERENCES `course` (`id`) ON DELETE CASCADE,
  CONSTRAINT `courses_interests_ibfk_2` FOREIGN KEY (`interestId`) REFERENCES `interest` (`id`) ON DELETE CASCADE
) ENGINE=InnoDB DEFAULT CHARSET=utf8mb4 COLLATE=utf8mb4_general_ci;
/*!40101 SET character_set_client = @saved_cs_client */;

--
-- Dumping data for table `courses_interests`
--

LOCK TABLES `courses_interests` WRITE;
/*!40000 ALTER TABLE `courses_interests` DISABLE KEYS */;
INSERT INTO `courses_interests` VALUES ('a09b84be-7de4-41e3-a0b6-03267f3c8b6d','21a8ffc6-d016-42f3-9eee-308d0b7ba262'),('67c6c323-b0c7-11ef-aeb2-d8bbc114656c','a5cc0b1b-ab04-4b1b-8a2b-54047395876b'),('67c6c73b-b0c7-11ef-aeb2-d8bbc114656c','a5cc0b1b-ab04-4b1b-8a2b-54047395876b'),('7ee65d42-a0bd-4d8f-a8f8-3f9a6173bb71','b094e8a6-7731-4ef8-9c1e-c99fbf6ce47f'),('43892d65-e7d4-4aab-9eb0-e98cfe6e6e00','f05d4f13-d19e-4816-a0bd-c047e8aa3c93'),('65857080-8444-4309-935d-84de317e7abe','f7b30164-b024-11ef-9c26-d8bbc114656c'),('67c1f7d8-b0c7-11ef-aeb2-d8bbc114656c','f7b30164-b024-11ef-9c26-d8bbc114656c'),('67c1fb38-b0c7-11ef-aeb2-d8bbc114656c','f7b30164-b024-11ef-9c26-d8bbc114656c'),('67c1fb58-b0c7-11ef-aeb2-d8bbc114656c','f7b30164-b024-11ef-9c26-d8bbc114656c'),('67c1fc67-b0c7-11ef-aeb2-d8bbc114656c','f7b30164-b024-11ef-9c26-d8bbc114656c'),('67c533b7-b0c7-11ef-aeb2-d8bbc114656c','f7b30a78-b024-11ef-9c26-d8bbc114656c'),('ff4ae1c5-00d8-4eca-8127-78980f5cf8b6','f7b30a78-b024-11ef-9c26-d8bbc114656c'),('9cb4641f-1f16-4e3c-9dac-78aaf9d91dfc','f7b30a9a-b024-11ef-9c26-d8bbc114656c'),('a82cd26b-ac75-4b18-a0d5-f7ee7f803184','f7b30a9a-b024-11ef-9c26-d8bbc114656c'),('67c9db3b-b0c7-11ef-aeb2-d8bbc114656c','f7b30abd-b024-11ef-9c26-d8bbc114656c'),('67c9dba1-b0c7-11ef-aeb2-d8bbc114656c','f7b30abd-b024-11ef-9c26-d8bbc114656c'),('67c9dbdc-b0c7-11ef-aeb2-d8bbc114656c','f7b30abd-b024-11ef-9c26-d8bbc114656c'),('d3ef6eed-a441-4bb6-8d9e-20f95521f764','f7b30abd-b024-11ef-9c26-d8bbc114656c'),('3e9ebee8-92c1-457d-a6e5-356dd214b5c0','fb69e320-c119-4aff-9cc7-cfcdb394d07d');
/*!40000 ALTER TABLE `courses_interests` ENABLE KEYS */;
UNLOCK TABLES;

--
-- Table structure for table `enrollment`
--

DROP TABLE IF EXISTS `enrollment`;
/*!40101 SET @saved_cs_client     = @@character_set_client */;
/*!50503 SET character_set_client = utf8mb4 */;
CREATE TABLE `enrollment` (
  `id` char(36) CHARACTER SET utf8mb4 COLLATE utf8mb4_general_ci NOT NULL,
  `userId` char(36) CHARACTER SET utf8mb4 COLLATE utf8mb4_general_ci NOT NULL,
  `courseId` char(36) CHARACTER SET utf8mb4 COLLATE utf8mb4_general_ci NOT NULL,
  `progress` int DEFAULT '0',
  `createdAt` timestamp NOT NULL DEFAULT CURRENT_TIMESTAMP,
  `updatedAt` timestamp NOT NULL DEFAULT CURRENT_TIMESTAMP ON UPDATE CURRENT_TIMESTAMP,
  `lastAccessed` timestamp NULL DEFAULT NULL,
  `lastChapterIndex` int DEFAULT NULL,
  PRIMARY KEY (`id`),
  UNIQUE KEY `unique_enrollment` (`userId`,`courseId`),
  KEY `courseId` (`courseId`),
  CONSTRAINT `enrollment_ibfk_1` FOREIGN KEY (`userId`) REFERENCES `user` (`id`) ON DELETE CASCADE,
  CONSTRAINT `enrollment_ibfk_2` FOREIGN KEY (`courseId`) REFERENCES `course` (`id`) ON DELETE CASCADE
) ENGINE=InnoDB DEFAULT CHARSET=utf8mb4 COLLATE=utf8mb4_general_ci;
/*!40101 SET character_set_client = @saved_cs_client */;

--
-- Dumping data for table `enrollment`
--

LOCK TABLES `enrollment` WRITE;
/*!40000 ALTER TABLE `enrollment` DISABLE KEYS */;
INSERT INTO `enrollment` VALUES ('084c3696-081e-42f3-a00a-d15a999e274e','b607a245-903d-4297-9ded-f7b3c24fa67a','a09b84be-7de4-41e3-a0b6-03267f3c8b6d',13,'2025-01-09 05:22:42','2025-01-09 10:40:09','2025-01-09 05:22:42',2),('34475474-9fc8-40f8-9fdd-4d27e33cee82','e9e400c8-8223-4db4-8ef2-0dd20f2f1dd7','a09b84be-7de4-41e3-a0b6-03267f3c8b6d',11,'2025-01-09 10:24:26','2025-01-09 10:28:52','2025-01-09 10:24:26',1),('383079ec-1311-4b95-8d71-79800e758d09','b607a245-903d-4297-9ded-f7b3c24fa67a','3e9ebee8-92c1-457d-a6e5-356dd214b5c0',11,'2025-01-09 05:54:44','2025-01-09 10:19:19','2025-01-09 05:54:44',1),('42be5682-f3b6-41fd-b107-077b31c27012','6c0658cc-264d-4390-9acf-e5d39c0e6f6e','67c1fb58-b0c7-11ef-aeb2-d8bbc114656c',0,'2025-01-09 08:10:50','2025-01-09 08:10:50','2025-01-09 08:10:50',0),('77fa1692-2036-4cba-8f2e-a775e66d6584','b607a245-903d-4297-9ded-f7b3c24fa67a','67c1fb58-b0c7-11ef-aeb2-d8bbc114656c',40,'2025-01-09 10:18:07','2025-07-19 18:19:08','2025-01-09 10:18:07',1),('9239a24a-d037-4a6d-aea2-3206b1d753c3','3a32fff1-9070-4e02-a53e-4c9649eec08f','3e9ebee8-92c1-457d-a6e5-356dd214b5c0',11,'2025-01-09 10:00:30','2025-01-09 10:09:08','2025-01-09 10:00:30',1),('d9bc329a-e2bd-4914-b83c-447d7d33d87a','1eb6b871-c79b-4643-b18b-b789b5a22b2f','a09b84be-7de4-41e3-a0b6-03267f3c8b6d',3,'2025-07-19 18:26:08','2025-07-19 18:26:45','2025-07-19 18:26:08',0),('e2c2e965-4bf0-429e-a1b6-478708eadcf1','1a22a52e-c300-4fc0-b5a9-7af24d4d440a','3e9ebee8-92c1-457d-a6e5-356dd214b5c0',0,'2025-01-09 09:16:51','2025-01-09 09:16:51','2025-01-09 09:16:51',0);
/*!40000 ALTER TABLE `enrollment` ENABLE KEYS */;
UNLOCK TABLES;

--
-- Table structure for table `feedback`
--

DROP TABLE IF EXISTS `feedback`;
/*!40101 SET @saved_cs_client     = @@character_set_client */;
/*!50503 SET character_set_client = utf8mb4 */;
CREATE TABLE `feedback` (
  `id` char(36) CHARACTER SET utf8mb4 COLLATE utf8mb4_general_ci NOT NULL,
  `courseId` char(36) CHARACTER SET utf8mb4 COLLATE utf8mb4_general_ci NOT NULL,
  `userId` char(36) CHARACTER SET utf8mb4 COLLATE utf8mb4_general_ci NOT NULL,
  `message` text CHARACTER SET utf8mb4 COLLATE utf8mb4_general_ci NOT NULL,
  `isRead` tinyint(1) DEFAULT '0',
  `createdAt` timestamp NOT NULL DEFAULT CURRENT_TIMESTAMP,
  PRIMARY KEY (`id`),
  KEY `courseId` (`courseId`),
  KEY `userId` (`userId`),
  CONSTRAINT `feedback_ibfk_1` FOREIGN KEY (`courseId`) REFERENCES `course` (`id`) ON DELETE CASCADE,
  CONSTRAINT `feedback_ibfk_2` FOREIGN KEY (`userId`) REFERENCES `user` (`id`) ON DELETE CASCADE
) ENGINE=InnoDB DEFAULT CHARSET=utf8mb4 COLLATE=utf8mb4_general_ci;
/*!40101 SET character_set_client = @saved_cs_client */;

--
-- Dumping data for table `feedback`
--

LOCK TABLES `feedback` WRITE;
/*!40000 ALTER TABLE `feedback` DISABLE KEYS */;
INSERT INTO `feedback` VALUES ('123','3e9ebee8-92c1-457d-a6e5-356dd214b5c0','b607a245-903d-4297-9ded-f7b3c24fa67a','amiPoralekhaKorina',0,'2025-01-06 13:54:40'),('233','3e9ebee8-92c1-457d-a6e5-356dd214b5c0','b607a245-903d-4297-9ded-f7b3c24fa67a','sdfsdfsdfefsdf',0,'2025-01-08 23:46:39'),('58732b71-e0da-4c4c-8476-59a2f0ac7bd2','3e9ebee8-92c1-457d-a6e5-356dd214b5c0','b607a245-903d-4297-9ded-f7b3c24fa67a','sdfdsfdsfdsfdsfdsfds',1,'2025-01-08 22:30:32'),('7755de38-212b-466e-b064-fa1599426d94','a09b84be-7de4-41e3-a0b6-03267f3c8b6d','b607a245-903d-4297-9ded-f7b3c24fa67a','This is a good course',0,'2025-01-08 23:54:55'),('958d1b57-2310-40a1-b415-f01ae499e483','a09b84be-7de4-41e3-a0b6-03267f3c8b6d','e9e400c8-8223-4db4-8ef2-0dd20f2f1dd7','This is a good course',0,'2025-01-09 10:26:13');
/*!40000 ALTER TABLE `feedback` ENABLE KEYS */;
UNLOCK TABLES;

--
-- Table structure for table `interest`
--

DROP TABLE IF EXISTS `interest`;
/*!40101 SET @saved_cs_client     = @@character_set_client */;
/*!50503 SET character_set_client = utf8mb4 */;
CREATE TABLE `interest` (
  `id` char(36) CHARACTER SET utf8mb4 COLLATE utf8mb4_general_ci NOT NULL,
  `name` varchar(191) CHARACTER SET utf8mb4 COLLATE utf8mb4_general_ci NOT NULL,
  `createdAt` timestamp NOT NULL DEFAULT CURRENT_TIMESTAMP,
  `updatedAt` timestamp NOT NULL DEFAULT CURRENT_TIMESTAMP ON UPDATE CURRENT_TIMESTAMP,
  `icon` varchar(45) CHARACTER SET utf8mb4 COLLATE utf8mb4_general_ci DEFAULT NULL,
  PRIMARY KEY (`id`),
  UNIQUE KEY `name` (`name`)
) ENGINE=InnoDB DEFAULT CHARSET=utf8mb4 COLLATE=utf8mb4_general_ci;
/*!40101 SET character_set_client = @saved_cs_client */;

--
-- Dumping data for table `interest`
--

LOCK TABLES `interest` WRITE;
/*!40000 ALTER TABLE `interest` DISABLE KEYS */;
INSERT INTO `interest` VALUES ('21a8ffc6-d016-42f3-9eee-308d0b7ba262','Cooking','2025-01-08 16:06:04','2025-01-08 16:06:04','CookingPot'),('85dd2bd5-4e22-420e-ac29-9ab2a6eeafc8','data-science','2025-01-03 19:24:48','2025-01-03 19:24:48',NULL),('a5cc0b1b-ab04-4b1b-8a2b-54047395876b','Marketing','2024-12-01 20:50:52','2025-01-03 14:08:59','TrendingUp'),('b094e8a6-7731-4ef8-9c1e-c99fbf6ce47f','Games','2025-01-03 13:03:26','2025-01-03 13:03:26','Gamepad2'),('f05d4f13-d19e-4816-a0bd-c047e8aa3c93','Data Science','2024-12-01 20:50:52','2025-01-03 14:08:59','Database'),('f7b30164-b024-11ef-9c26-d8bbc114656c','Programming','2024-12-01 20:43:49','2025-01-03 14:08:59','Code'),('f7b30a78-b024-11ef-9c26-d8bbc114656c','Business','2024-12-01 20:43:49','2025-01-03 14:08:59','BookOpen'),('f7b30a9a-b024-11ef-9c26-d8bbc114656c','Design','2024-12-01 20:43:49','2025-01-03 14:08:59','Palette'),('f7b30abd-b024-11ef-9c26-d8bbc114656c','Languages','2024-12-01 20:43:49','2025-01-03 14:08:59','Globe'),('fb69e320-c119-4aff-9cc7-cfcdb394d07d','Music','2025-01-03 20:18:18','2025-01-03 20:18:18','FileMusic');
/*!40000 ALTER TABLE `interest` ENABLE KEYS */;
UNLOCK TABLES;

--
-- Table structure for table `notification`
--

DROP TABLE IF EXISTS `notification`;
/*!40101 SET @saved_cs_client     = @@character_set_client */;
/*!50503 SET character_set_client = utf8mb4 */;
CREATE TABLE `notification` (
  `id` char(36) CHARACTER SET utf8mb4 COLLATE utf8mb4_general_ci NOT NULL,
  `userId` char(36) CHARACTER SET utf8mb4 COLLATE utf8mb4_general_ci NOT NULL,
  `title` varchar(191) CHARACTER SET utf8mb4 COLLATE utf8mb4_general_ci NOT NULL,
  `message` text CHARACTER SET utf8mb4 COLLATE utf8mb4_general_ci NOT NULL,
  `type` enum('info','success','warning','error') CHARACTER SET utf8mb4 COLLATE utf8mb4_general_ci NOT NULL,
  `isRead` tinyint(1) DEFAULT '0',
  `createdAt` timestamp NOT NULL DEFAULT CURRENT_TIMESTAMP,
  PRIMARY KEY (`id`),
  KEY `userId` (`userId`),
  CONSTRAINT `notification_ibfk_1` FOREIGN KEY (`userId`) REFERENCES `user` (`id`) ON DELETE CASCADE
) ENGINE=InnoDB DEFAULT CHARSET=utf8mb4 COLLATE=utf8mb4_general_ci;
/*!40101 SET character_set_client = @saved_cs_client */;

--
-- Dumping data for table `notification`
--

LOCK TABLES `notification` WRITE;
/*!40000 ALTER TABLE `notification` DISABLE KEYS */;
INSERT INTO `notification` VALUES ('4c8e0121-b72d-11ef-9714-d8bbc114656c','1a22a52e-c300-4fc0-b5a9-7af24d4d440a','New Notificaiton!','New notification!','success',1,'2024-12-10 19:31:05'),('58e27bd0-b196-11ef-99ea-d8bbc114656c','b607a245-903d-4297-9ded-f7b3c24fa67a','Welcome to CourseKori!','Start exploring our courses to begin your learning journey.','info',1,'2024-12-03 16:47:56'),('58e28338-b196-11ef-99ea-d8bbc114656c','b607a245-903d-4297-9ded-f7b3c24fa67a','Course Recommendation','Based on your interests, check out our new Python course!','success',1,'2024-12-03 16:47:56'),('85451000-b198-11ef-99ea-d8bbc114656c','b607a245-903d-4297-9ded-f7b3c24fa67a','New','Hello there, it is a new notification.','info',1,'2024-12-03 17:03:30'),('85451000-b198-11ef-99ea-d8bbc114656d','b607a245-903d-4297-9ded-f7b3c24fa67a','New','Hello there, it is a new notification.','info',1,'2024-12-03 17:03:56'),('baa85206-b72c-11ef-9714-d8bbc114656c','1a22a52e-c300-4fc0-b5a9-7af24d4d440a','Hello there!','How you doing?','info',0,'2024-12-10 19:27:00'),('ef0fc087-b72c-11ef-9714-d8bbc114656c','1a22a52e-c300-4fc0-b5a9-7af24d4d440a','Notificaiton!','Login successfully!','success',1,'2024-12-10 19:28:28');
/*!40000 ALTER TABLE `notification` ENABLE KEYS */;
UNLOCK TABLES;

--
-- Table structure for table `user`
--

DROP TABLE IF EXISTS `user`;
/*!40101 SET @saved_cs_client     = @@character_set_client */;
/*!50503 SET character_set_client = utf8mb4 */;
CREATE TABLE `user` (
  `id` char(36) CHARACTER SET utf8mb4 COLLATE utf8mb4_general_ci NOT NULL,
  `email` varchar(191) CHARACTER SET utf8mb4 COLLATE utf8mb4_general_ci NOT NULL,
  `firstName` varchar(191) CHARACTER SET utf8mb4 COLLATE utf8mb4_general_ci NOT NULL,
  `lastName` varchar(191) CHARACTER SET utf8mb4 COLLATE utf8mb4_general_ci NOT NULL,
  `password` varchar(191) CHARACTER SET utf8mb4 COLLATE utf8mb4_general_ci NOT NULL,
  `createdAt` timestamp NOT NULL DEFAULT CURRENT_TIMESTAMP,
  `updatedAt` timestamp NOT NULL DEFAULT CURRENT_TIMESTAMP ON UPDATE CURRENT_TIMESTAMP,
  `profile_picture_url` varchar(255) CHARACTER SET utf8mb4 COLLATE utf8mb4_general_ci DEFAULT NULL,
  `wishlist_count` int DEFAULT '0',
  `cart_count` int DEFAULT '0',
  `notifications_count` int DEFAULT '0',
  `messages_count` int DEFAULT '0',
  `account_settings` longtext CHARACTER SET utf8mb4 COLLATE utf8mb4_bin,
  `payment_methods` longtext CHARACTER SET utf8mb4 COLLATE utf8mb4_bin,
  `subscriptions` longtext CHARACTER SET utf8mb4 COLLATE utf8mb4_bin,
  `isAdmin` tinyint(1) NOT NULL DEFAULT '0',
  PRIMARY KEY (`id`),
  UNIQUE KEY `email` (`email`),
  CONSTRAINT `user_chk_1` CHECK (json_valid(`account_settings`)),
  CONSTRAINT `user_chk_2` CHECK (json_valid(`payment_methods`)),
  CONSTRAINT `user_chk_3` CHECK (json_valid(`subscriptions`))
) ENGINE=InnoDB DEFAULT CHARSET=utf8mb4 COLLATE=utf8mb4_general_ci;
/*!40101 SET character_set_client = @saved_cs_client */;

--
-- Dumping data for table `user`
--

LOCK TABLES `user` WRITE;
/*!40000 ALTER TABLE `user` DISABLE KEYS */;
INSERT INTO `user` VALUES ('1a22a52e-c300-4fc0-b5a9-7af24d4d440a','ahmad@gmail.com','Ahmad','Towsif','$2a$12$0dX9loBiyQ5TdG1tbztp.uW5W7MxeO6iHhh5N3t1OD/1k8ATMxVge','2024-12-02 20:16:48','2024-12-02 20:16:48',NULL,0,0,0,0,NULL,NULL,NULL,0),('1eb6b871-c79b-4643-b18b-b789b5a22b2f','samsung59@gmail.com','Saha','Neloy','$2a$12$a9DppgeibpCG7M6DXmSSte/smGsPpoh/CjZeje0QUYIiYERNoTTE2','2025-07-19 18:25:25','2025-07-19 18:25:25',NULL,0,0,0,0,NULL,NULL,NULL,0),('3a32fff1-9070-4e02-a53e-4c9649eec08f','hasan@gmail.com','Hasan','Rahman','$2a$12$jDOv/f3/drhjMVcqiV8dq.R4VDoyYm2qrxugBtuDC7Cm9shC.7Lpe','2025-01-09 09:57:14','2025-01-09 09:57:14',NULL,0,0,0,0,NULL,NULL,NULL,0),('5ebb8a64-e1f3-4255-acee-025741c8173c','nasreen@gmail.com','Nasreen','Rahman','$2a$12$Hr3DlVCIYghQVmIZ9zCzH.qegzDPIleSGxkCctEpBRy4CSkaAri8a','2025-01-08 16:36:30','2025-01-08 16:36:30',NULL,0,0,0,0,NULL,NULL,NULL,0),('651f8c12-e05e-4d6c-9973-25c5f4e4f928','niaz.nafi.rahman@g.bracu.ac.bd','Niaz','Rahman','$2a$12$G6N61AJX2k7fal7OBsuRwOAP64kP4rSlBSlU83YSl5RQZdb6W2lhe','2024-12-02 20:15:19','2024-12-02 20:15:19',NULL,0,0,0,0,NULL,NULL,NULL,0),('6c0658cc-264d-4390-9acf-e5d39c0e6f6e','ronaldo@gmail.com','ronaldo','Rahman','$2a$12$nW9x5DOHs83nKvKfBE6nM.UPUqjDZ2pPmFIKBKq6DG2M0P4i6PyQi','2025-01-09 08:01:43','2025-01-09 08:01:43',NULL,0,0,0,0,NULL,NULL,NULL,0),('8c85e805-204e-4aa4-bbbc-4aa3c9620a4c','messi@gmail.com','Messi','Rahman','$2a$12$g3Ysd2R4njmt0IxxMWTAcuz9/GqPSVUFFQ1YWLDfuByKKffn26E8q','2025-01-09 07:51:37','2025-01-09 07:51:37',NULL,0,0,0,0,NULL,NULL,NULL,0),('92189766-0a34-4945-8389-2196a92838aa','nasreen67@gmail.com','Nasreen','Rahman','$2a$12$h58JNZxErcCrjgokxPdQ9ONC9dBKaqS/8C2iThw3uQTXFP/fFbgTe','2025-01-08 16:44:30','2025-01-08 16:44:30',NULL,0,0,0,0,NULL,NULL,NULL,0),('957fa614-2634-41de-8983-3efb1683414d','nasreen257@gmail.com','Nasreen','Rahman','$2a$12$4JdBE8GnXpoMbhbN.rPcl.tzSYL7UqMG4CT5yQGJ7ycK7BSbKptIO','2025-01-08 16:41:22','2025-01-08 16:41:22',NULL,0,0,0,0,NULL,NULL,NULL,0),('9b702254-4f27-4b19-8137-cb7cac0c56f8','farruk@gmail.com','farruk','towsif','$2a$12$RUuRlIhOGa1mutqZanfqpO8bSlvXrh9CC6TJQEQ81l3luKuo9h/8m','2024-12-09 16:22:51','2024-12-09 16:22:51',NULL,0,0,0,0,NULL,NULL,NULL,0),('b607a245-903d-4297-9ded-f7b3c24fa67a','niaz@gmail.com','Niaz','Rahman','$2a$12$MRq7kG7gEx/1TGxe4an4D.Ab3rIPdwR/yIxP.5Z69vshQsQn4Bgem','2024-12-03 16:43:10','2024-12-03 16:43:10',NULL,0,0,0,0,NULL,NULL,NULL,0),('bb759173-7452-4607-b7b1-68268b6756e0','ryan@gmail.com','ryan','gosling','$2a$12$iQ5CwFGSSGG0und9IhtiXOqON0.157S18QZxSexPMapuhkWzcm80W','2024-12-09 19:32:59','2024-12-09 19:32:59',NULL,0,0,0,0,NULL,NULL,NULL,0),('e91ac016-7e5c-47cc-9f63-1e3804058d0f','nasreen25@gmail.com','Nasreen','Rahman','$2a$12$8DlyZ2XX6tKIMpJPY155hO4giylEi9fTlW5urrO2OHGxdUWuqjkde','2025-01-08 16:35:26','2025-01-08 16:35:26',NULL,0,0,0,0,NULL,NULL,NULL,0),('e9e400c8-8223-4db4-8ef2-0dd20f2f1dd7','sukhindar@gmail.com','Sukhindar','Justindar','$2a$12$a/eB205lCHBD51nz47J/MuvTkNzf/3lRw0I0tsl5/D4rRrz6hkFx6','2025-01-09 10:23:09','2025-01-09 10:23:09',NULL,0,0,0,0,NULL,NULL,NULL,0),('eac5ac6a-3197-4889-a825-ab7a2a65d63e','mehedi@gmail.com','Mehedi','Hasan','$2a$12$jzVvarNkWT2HtLEbgDnA7egWppZyTZlsl1TpgKUgQ5A5yxYUi7FPq','2024-12-03 04:39:12','2024-12-03 04:39:12',NULL,0,0,0,0,NULL,NULL,NULL,0),('f62119a4-2779-4286-9bc3-c7eef8f0f313','admiin@gmail.com','ABCD','EFG','$2a$12$E9Z2e9qJak4JH2SzsqzWye/ebgiUAsQJ9LzJoPGKSuXucPKXpmu4S','2024-12-09 19:59:19','2024-12-09 20:04:30',NULL,0,0,0,0,NULL,NULL,NULL,1);
/*!40000 ALTER TABLE `user` ENABLE KEYS */;
UNLOCK TABLES;

--
-- Table structure for table `user_chapter_progress`
--

DROP TABLE IF EXISTS `user_chapter_progress`;
/*!40101 SET @saved_cs_client     = @@character_set_client */;
/*!50503 SET character_set_client = utf8mb4 */;
CREATE TABLE `user_chapter_progress` (
  `id` char(36) NOT NULL,
  `userId` char(36) NOT NULL,
  `courseId` char(36) NOT NULL,
  `chapterId` char(36) NOT NULL,
  `progress_video` float DEFAULT NULL,
  `score` float DEFAULT NULL,
  `feedback` varchar(400) DEFAULT NULL,
  `progress_mcq` float DEFAULT NULL,
  `enrollmentId` varchar(45) NOT NULL,
  `timeStamp` float DEFAULT NULL,
  PRIMARY KEY (`id`,`userId`,`courseId`,`chapterId`,`enrollmentId`)
) ENGINE=InnoDB DEFAULT CHARSET=utf8mb4 COLLATE=utf8mb4_0900_ai_ci;
/*!40101 SET character_set_client = @saved_cs_client */;

--
-- Dumping data for table `user_chapter_progress`
--

LOCK TABLES `user_chapter_progress` WRITE;
/*!40000 ALTER TABLE `user_chapter_progress` DISABLE KEYS */;
INSERT INTO `user_chapter_progress` VALUES ('1aef1d46-9d34-4227-845a-107d546c3825','3a32fff1-9070-4e02-a53e-4c9649eec08f','3e9ebee8-92c1-457d-a6e5-356dd214b5c0','3ff20b5b-1adf-4b3f-a897-dfabff6eb304',0.843827,0,'',0,'9239a24a-d037-4a6d-aea2-3206b1d753c3',251.46),('3aab7272-b098-4f65-a50d-2344b127463d','b607a245-903d-4297-9ded-f7b3c24fa67a','a09b84be-7de4-41e3-a0b6-03267f3c8b6d','56b05ed0-5d75-4d20-8a20-24ad4f742557',0,0,'',0,'084c3696-081e-42f3-a00a-d15a999e274e',0),('3e2caada-8dc5-4c26-93fc-f0e2058856a4','b607a245-903d-4297-9ded-f7b3c24fa67a','3e9ebee8-92c1-457d-a6e5-356dd214b5c0','4134a928-2e38-4286-8eab-b51b31f1b4b4',0,0,'',0,'383079ec-1311-4b95-8d71-79800e758d09',0),('433c641e-66da-4931-94b5-23b3d435b0d2','b607a245-903d-4297-9ded-f7b3c24fa67a','67c1fb58-b0c7-11ef-aeb2-d8bbc114656c','31296bab-9e3c-486e-a310-89340ebef9d5',1,0,'',0,'77fa1692-2036-4cba-8f2e-a775e66d6584',203.632),('4fba9c3c-7a3d-41c1-8af3-4c683a99d498','e9e400c8-8223-4db4-8ef2-0dd20f2f1dd7','a09b84be-7de4-41e3-a0b6-03267f3c8b6d','56b05ed0-5d75-4d20-8a20-24ad4f742557',0,20,'',1,'34475474-9fc8-40f8-9fdd-4d27e33cee82',0),('5490e383-f192-4812-b924-165c4d6d09f2','b607a245-903d-4297-9ded-f7b3c24fa67a','a09b84be-7de4-41e3-a0b6-03267f3c8b6d','a1eeae19-29ea-45f1-90d7-c5564068c1d0',1,0,'',0,'084c3696-081e-42f3-a00a-d15a999e274e',83.1673),('806c2fda-3b6f-4dff-8382-3bde943ecb19','b607a245-903d-4297-9ded-f7b3c24fa67a','3e9ebee8-92c1-457d-a6e5-356dd214b5c0','3ff20b5b-1adf-4b3f-a897-dfabff6eb304',1,50,'',1,'383079ec-1311-4b95-8d71-79800e758d09',300.023),('91a65d12-170f-49c2-b8b7-9e463164a94f','1a22a52e-c300-4fc0-b5a9-7af24d4d440a','3e9ebee8-92c1-457d-a6e5-356dd214b5c0','4134a928-2e38-4286-8eab-b51b31f1b4b4',0,0,'',0,'e2c2e965-4bf0-429e-a1b6-478708eadcf1',0),('9271d4f0-fb5d-4742-bed9-010de2eaa5f5','6c0658cc-264d-4390-9acf-e5d39c0e6f6e','67c1fb58-b0c7-11ef-aeb2-d8bbc114656c','31296bab-9e3c-486e-a310-89340ebef9d5',0,0,'',0,'42be5682-f3b6-41fd-b107-077b31c27012',0),('9f5cc2e8-53ab-4c5b-a02b-1f4678329df2','b607a245-903d-4297-9ded-f7b3c24fa67a','67c1fb58-b0c7-11ef-aeb2-d8bbc114656c','2441784a-e99e-49a4-a7d7-666b12e68adb',1,30,'',1,'77fa1692-2036-4cba-8f2e-a775e66d6584',303.953),('b828d761-1844-481e-908a-023e971766ba','1eb6b871-c79b-4643-b18b-b789b5a22b2f','3e9ebee8-92c1-457d-a6e5-356dd214b5c0','4134a928-2e38-4286-8eab-b51b31f1b4b4',NULL,NULL,NULL,NULL,'ad1e0adc-a1b9-493c-bea8-a300c91fafdb',0),('dabe43da-dbbe-48a8-8553-ac9d6dc4b087','3a32fff1-9070-4e02-a53e-4c9649eec08f','3e9ebee8-92c1-457d-a6e5-356dd214b5c0','4134a928-2e38-4286-8eab-b51b31f1b4b4',0.843827,0,'',0,'9239a24a-d037-4a6d-aea2-3206b1d753c3',251.46),('db0813ca-011e-482f-a619-d95333b915f9','e9e400c8-8223-4db4-8ef2-0dd20f2f1dd7','a09b84be-7de4-41e3-a0b6-03267f3c8b6d','a1eeae19-29ea-45f1-90d7-c5564068c1d0',1,0,'',0,'34475474-9fc8-40f8-9fdd-4d27e33cee82',82.6561),('dd3aac0e-6c1a-4905-8419-35ca2f5bf267','b607a245-903d-4297-9ded-f7b3c24fa67a','a09b84be-7de4-41e3-a0b6-03267f3c8b6d','a8352ac6-cf00-49bb-af5b-ba7d40161767',1,0,'',0,'084c3696-081e-42f3-a00a-d15a999e274e',387.936),('e7a01698-1ec0-4a0b-9389-b431acff6f85','1eb6b871-c79b-4643-b18b-b789b5a22b2f','a09b84be-7de4-41e3-a0b6-03267f3c8b6d','56b05ed0-5d75-4d20-8a20-24ad4f742557',0.495605,0,'',0,'d9bc329a-e2bd-4914-b83c-447d7d33d87a',82.7661);
/*!40000 ALTER TABLE `user_chapter_progress` ENABLE KEYS */;
UNLOCK TABLES;

--
-- Table structure for table `user_interests`
--

DROP TABLE IF EXISTS `user_interests`;
/*!40101 SET @saved_cs_client     = @@character_set_client */;
/*!50503 SET character_set_client = utf8mb4 */;
CREATE TABLE `user_interests` (
  `userId` char(36) CHARACTER SET utf8mb4 COLLATE utf8mb4_general_ci NOT NULL,
  `interestId` char(36) CHARACTER SET utf8mb4 COLLATE utf8mb4_general_ci NOT NULL,
  PRIMARY KEY (`userId`,`interestId`),
  KEY `interestId` (`interestId`),
  CONSTRAINT `user_interests_ibfk_1` FOREIGN KEY (`userId`) REFERENCES `user` (`id`) ON DELETE CASCADE,
  CONSTRAINT `user_interests_ibfk_2` FOREIGN KEY (`interestId`) REFERENCES `interest` (`id`) ON DELETE CASCADE
) ENGINE=InnoDB DEFAULT CHARSET=utf8mb4 COLLATE=utf8mb4_general_ci;
/*!40101 SET character_set_client = @saved_cs_client */;

--
-- Dumping data for table `user_interests`
--

LOCK TABLES `user_interests` WRITE;
/*!40000 ALTER TABLE `user_interests` DISABLE KEYS */;
INSERT INTO `user_interests` VALUES ('1eb6b871-c79b-4643-b18b-b789b5a22b2f','21a8ffc6-d016-42f3-9eee-308d0b7ba262'),('92189766-0a34-4945-8389-2196a92838aa','21a8ffc6-d016-42f3-9eee-308d0b7ba262'),('e9e400c8-8223-4db4-8ef2-0dd20f2f1dd7','21a8ffc6-d016-42f3-9eee-308d0b7ba262'),('3a32fff1-9070-4e02-a53e-4c9649eec08f','a5cc0b1b-ab04-4b1b-8a2b-54047395876b'),('3a32fff1-9070-4e02-a53e-4c9649eec08f','b094e8a6-7731-4ef8-9c1e-c99fbf6ce47f'),('8c85e805-204e-4aa4-bbbc-4aa3c9620a4c','b094e8a6-7731-4ef8-9c1e-c99fbf6ce47f'),('3a32fff1-9070-4e02-a53e-4c9649eec08f','f7b30164-b024-11ef-9c26-d8bbc114656c'),('6c0658cc-264d-4390-9acf-e5d39c0e6f6e','f7b30164-b024-11ef-9c26-d8bbc114656c'),('8c85e805-204e-4aa4-bbbc-4aa3c9620a4c','f7b30a78-b024-11ef-9c26-d8bbc114656c');
/*!40000 ALTER TABLE `user_interests` ENABLE KEYS */;
UNLOCK TABLES;

--
-- Table structure for table `whiteboard_drawings`
--

DROP TABLE IF EXISTS `whiteboard_drawings`;
/*!40101 SET @saved_cs_client     = @@character_set_client */;
/*!50503 SET character_set_client = utf8mb4 */;
CREATE TABLE `whiteboard_drawings` (
  `id` char(36) CHARACTER SET utf8mb4 COLLATE utf8mb4_general_ci NOT NULL,
  `userId` char(36) CHARACTER SET utf8mb4 COLLATE utf8mb4_general_ci NOT NULL,
  `courseId` char(36) CHARACTER SET utf8mb4 COLLATE utf8mb4_general_ci NOT NULL,
  `chapterId` char(36) CHARACTER SET utf8mb4 COLLATE utf8mb4_general_ci NOT NULL,
  `drawing` longblob NOT NULL,
  `createdAt` timestamp NOT NULL DEFAULT CURRENT_TIMESTAMP,
  `updatedAt` timestamp NOT NULL DEFAULT CURRENT_TIMESTAMP ON UPDATE CURRENT_TIMESTAMP,
  PRIMARY KEY (`id`),
  UNIQUE KEY `unique_drawing` (`userId`,`courseId`,`chapterId`),
  KEY `courseId` (`courseId`),
  KEY `chapterId` (`chapterId`),
  CONSTRAINT `whiteboard_drawings_ibfk_1` FOREIGN KEY (`userId`) REFERENCES `user` (`id`),
  CONSTRAINT `whiteboard_drawings_ibfk_2` FOREIGN KEY (`courseId`) REFERENCES `course` (`id`),
  CONSTRAINT `whiteboard_drawings_ibfk_3` FOREIGN KEY (`chapterId`) REFERENCES `chapter` (`id`)
) ENGINE=InnoDB DEFAULT CHARSET=utf8mb4 COLLATE=utf8mb4_general_ci;
/*!40101 SET character_set_client = @saved_cs_client */;

--
-- Dumping data for table `whiteboard_drawings`
--

LOCK TABLES `whiteboard_drawings` WRITE;
/*!40000 ALTER TABLE `whiteboard_drawings` DISABLE KEYS */;
INSERT INTO `whiteboard_drawings` VALUES ('37364f0e-ce69-11ef-b3bb-d8bbc114656c','6c0658cc-264d-4390-9acf-e5d39c0e6f6e','67c1fb58-b0c7-11ef-aeb2-d8bbc114656c','31296bab-9e3c-486e-a310-89340ebef9d5',_binary 'data:image/png;base64,iVBORw0KGgoAAAANSUhEUgAAAV4AAAHCCAYAAACnj6EiAAAAAXNSR0IArs4c6QAAIABJREFUeF7t3QuUVWX5x/FHQLnfLwFyR0RFAkWBFBCKEryEVpiihmbR0iKLkRBQMFBELDSWmi3MwLgkscowQU1CMSBAQESQpdwGiEvcbzMww+W/ntMfZWbvM3PmnL3f8+53f/dardaSc97L53nnN2f22fvd5505c+aMcCCAAAIIGBM4j+A1Zk1HCCCAQEKA4GUhIIAAAoYFCF7D4HSHAAIIELysAQQQQMCwAMFrGJzuEEAAAYKXNYAAAggYFiB4DYPTHQIIIEDwsgYQQAABwwIEr2FwukMAAQQIXtYAAgggYFiA4DUMTncIIIAAwcsaQAABBAwLELyGwekOAQQQIHhZAwgggIBhAYLXMDjdIYAAAgQvawABBBAwLEDwGganOwQQQIDgZQ0ggAAChgUIXsPgdIcAAggQvKwBBBBAwLAAwWsYnO4QQAABgpc1gAACCBgWIHgNg9MdAgggQPCyBhBAAAHDAgSvYXC6QwABBAhe1gACCCBgWIDgNQxOdwgggADByxpAAAEEDAsQvIbB6Q4BBBAgeFkDCCCAgGEBgtcwON0hgAACBC9rAAEEEDAsQPAaBqc7BBBAgOBlDSCAAAKGBQhew+B0hwACCBC8rAEEEEDAsADBaxic7hBAAAGClzWAAAIIGBYgeA2D0x0CCCBA8LIGEEAAAcMCBK9hcLpDAAEECF7WAAIIIGBYgOA1DE53CCCAAMHLGkAAAQQMCxC8hsHpDgEEECB4WQMIIICAYQGC1zA43SGAAAIEL2sAAQQQMCxA8BoGpzsEEECA4GUNIIAAAoYFCF7D4HSHAAIIELysAQQQQMCwAMFrGJzuEEAAAYKXNYAAAggYFiB4DYPTHQIIIEDwsgYQQAABwwIEr2FwukMAAQQIXtYAAgggYFiA4DUMTncIIIAAwcsaQAABBAwLELyGwekOAQQQIHhZAwgggIBhAYLXMDjdIYAAAgQvawABBBAwLEDwGganOwQQQIDgZQ0ggAAChgUIXsPgdIcAAggQvKwBBBBAwLAAwWsYnO4QQAABgpc1gAACCBgWIHgNg9MdAgggQPCyBhBAAAHDAgSvYXC6QwABBAhe1gACCCBgWIDgNQxOdwgggADByxpAAAEEDAsQvIbB6Q4BBBAgeFkDCCCAgGEBgtcwON0hgAACBC9rAAEEEDAsQPAaBqc7BBBAgOBlDSCAAAKGBQhew+B0hwACCBC8rAEEEEDAsADBaxic7hBAAAGClzWAAAIIGBYgeA2D0x0CCCBA8LIGEEAAAcMCBK9hcLpDAAEECF7WAAIIIGBYgOA1DE53CCCAAMHLGkAAAQQMCxC8hsHpDgEEECB4WQMIIICAYQGC1zA43SGAAAIEL2sAAQQQMCxA8BoGpzsEEECA4GUNIIAAAoYFCF7D4HSHAAIIELysAQQQQMCwAMFrGJzuEEAAAYKXNYAAAggYFiB4DYPTHQIIIEDwsgYQQAABwwIEr2FwukMAAQQIXtYAAgggYFiA4DUMTncIIIAAwcsaQAABBAwLELyGwekOAQQQIHhZAwgggIBhAYLXMDjdIYAAAgQvawABBBAwLEDwGganOwQQQIDgZQ0ggAAChgUIXsPgdIcAAggQvKwBBBBAwLAAwWsYnO4QcF2gU6dOsnLlSjlz5ozrU017fgRv2nS8EQEEigucDd2z/53w9V8jBC8/OwggEIjAvffeK1OmTPG0Rfh6eQneQJYcjSCAwHnnnZcUgfAtSkPw8vOCAAIZCzRo0ED27Nnj286VV14pK1asyLgPlxogeF2qJnNBIEsCyT7ttm3bVtavX5+lUdnbLcFrb20YGQKREDj//PPl5MmTnrFqGJ8+fToSczA9SILXtDj9IeCQwI9//GN54YUXfGf05ptvyvXXX+/QbIObCsEbnCUtIRA7gWSnGCpXrix5eXmx80h1wgRvqlK8DgEEigg0btxYdu7c6avCVQwlLxaClx8mBBBISyDZp90vf/nLsnr16rTajMubCN64VJp5IhCgAF+oZYZJ8Gbmx7sRiJ3AiBEj5Mknn/Sd99y5c6Vv376xMynrhAnesorxegRiLpDs0y5fqKW+MAje1K14JQIIiEiyc7t8oZb68iB4U7filQjEXqBRo0aya9cuj8Mll1win3zySex9UgUgeFOV4nUIIMCn3YDWAMEbECTNIOC6QE5OjkycONEzTc7tlr3yBG/ZzXgHArEUuOCCC6SwsNAz9yNHjki1atViaZLupAnedOUseN/ChQulR48eFoyEIcRBwO9LNTbCSa/yBG96bll9V8+ePeW9995LjIFvkrNaith03qJFC8nNzfXMt3PnzrJ06dLYOAQ1UYI3KEkD7dStW1f2799fpCeC1wA8XfClWsBrgOANGDSM5qpXry5Hjx71bZrgDUOcNs8VGDNmjIwePdqDUqlSJcnPzwcrDQGCNw00k28pV65ciacTCF6T1YhnX8m+VGPtpb8eCN707UJ/Z2mhyzne0EtAB0nuVONLtcyWBsGbmV9o7y7pia3ndsqnjtBKQMMictFFF8nGjRs9Fg888IA8//zzGKUpQPCmCRfW23bv3i0NGzZMqXk+daTExIsyEGBfhgzwSngrwRuOa9qtpvpJVzuoWLGiHD9+PO2+eCMCJQk899xzMnjwYM9L9OqavXv3gpeBAMGbAV7Qb03lnO65fQ4dOlQmTJgQ9DBoD4GEgF61cOLECY8Gp7cyXyAEb+aGgbRQo0YN0Vsv/Q79FOy32PkBCISeRpII+P31pR8OTp06hVmGAgRvhoBBvn3Pnj3SoEGDIk0mC119EcEbpD5tnStw2WWX+W7zuGTJEunatStYGQoQvBkChvH2c085aLhyj3wYyrRZkkCy0178sg9m3RC8wTgG3kqFChXkT3/6k3znO9/xDV79d7+dogIfCA3GTmDmzJkyYMAAz7z1U/DatWtj5xHGhAneMFQDbPPSSy+V9evXe1r89re/LbNnzw6wJ5pC4H8C9evX971qgU+7wa0Qgjc4y1BaKl++vJw+fdrTNj8EoXDTqIj4nWbQB1wWFBTgE5AAwRsQZFjNcAF7WLK06yewdetWad68ueefFixYILodKUcwAgRvMI6htULwhkZLwz4CrVu3lk2bNvEXVsirg+ANGTiT5nWT6eXLl3uaqFWrlhw4cCCTpnkvAr4Cfqe29L+dPHkSsQAFCN4AMYNuikt6ghalvdIE/P7CuvPOO2XatGmlvZV/L4MAwVsGLNMv5TSDafF499etWzdZtGgRpxkMLAOC1wByul1w40S6crwvHQE2PE9HLb33ELzpuYX+rqpVq0peXp6nH71dU2/b5EAgaAG/X/T6ZduGDRuC7ir27RG8li4BTjNYWhhHh3X33Xf7nsc9duyYVKlSxdFZZ29aBG/27EvsmeC1tDCODivZX1jcqBNOwQnecFwzavXWW2+V1157zdMGdw9lxMqbSxDw+0WvYZzs6dZgZiZA8GbmF8q7k11GNn78eBk2bFgofdJofAWeeeYZGTJkiAdA15quOY7gBQje4E0zbpHTDBkT0kAZBOrVqyf79u3zvIPTDGVALONLCd4ygpl4OZeRmVCmj7MCfn9hcbdauOuD4A3Xt8yt165dWw4ePOh5X82aNX3/e5k74A0InCOwbt06adeuncfkiiuukJUrV2IVkgDBGxJsus1ym3C6crwvHYGWLVvKli1bOM2QDl4G7yF4M8AL462c3w1DlTaTCbDfc3bWBsGbHXffXvWbZf2GufihYey3GbpFQ2coERTQNaXBW/zQ01379++P4IyiM2SC16Ja6XPU/B6d3b59e/noo48sGilDcUGgS5cusmzZMs9UJk2aJIMHD3ZhitbOgeC1qDScZrCoGDEYCpviZK/IBG/27H1PKfgNh+spLSqSQ0Px+0XP3ZFmCkzwmnEutZcWLVpIbm6u53X8IJRKxwvSEPjud78rs2bN8rxTn6umz1fjCFeA4A3XN+XWk11G9sQTT8iIESNSbocXIpCKgO44lp+f73kpf12lopf5awjezA0DaYHzu4Ew0kiKAtwdmSJUSC8jeEOCLUuzuhHJ8OHDPW/hMrKyKPLaVAUef/xxefTRRz0v/9KXviS7du1KtRlel4EAwZsBXlBvTfbtcvPmzX3vKgqqX9qJp0CdOnV8n1Kt53z79+8fTxTDsyZ4DYP7dcdpBguKEKMhcFt69otN8Ga/BkLwWlCEmAxh8eLFcu2113pmW7FiRTl+/HhMFLI/TYI3yzXgMrIsFyBm3Tdr1ky2bdvmmXW/fv18n3oSMx5j0yV4jVH7d5Tsz74JEybI0KFDszw6undNINlt6VxGZrbSBK9Zb09vnGbIcgFi1r3fetNf/n57hMSMxuh0CV6j3EU7mzhxouTk5PiGMbuRZbEwjnbdq1cveffddz2zu/zyy2XNmjWOztrOaRG8WaxLssvI9Lzv5s2bszgyunZRoFKlSnLixAnP1DZt2iS6ITqHOQGC15w1pxmyaE3X4nv1DKcZsrMyCN7suCd65fxuFvFj1vVdd90l06dP98z6wgsvlO3bt8dMI/vTJXizVINWrVr5nk5gN7IsFcTxbqtXry5Hjx71zFLDeMCAAY7P3r7pEbxZqkmyy8j0C7ef//znWRoV3boqwKY4dlWW4M1SPTjNkCX4GHb71FNPycMPP+yZea1atXz3bIghkfEpE7zGySXxQEt9sGXxg93IslCMGHRZv3592bt3r2emus+z7vfMYV6A4DVvLnpffEFBgadnPe+7cePGLIyILl0WYFMc+6pL8GahJpxmyAJ6TLtMtilO5cqVJS8vL6Yq2Z82wZuFGhC8WUCPaZfJNmG67bbb5NVXX42pSvanTfAarsFFF13kezpB72Lzu6vI8PDozjGB8uXLi9/t52yKk91CE7yG/bmMzDB4jLs7fPiw1KxZ0yPAteLZXxQEr+EacJrBMHiMu7vqqqtkxYoVHoHu3bvLwoULYyyT/akTvAZrwGVkBrHpSvST7cmTJz0SnGbI/uIgeA3WINnuUG3atJFPP/3U4EjoynUBDVwN3uIHm+LYUXmC12AdOM1gEDvmXX3rW9+Sv/71rx6FSy+9VNatWxdznexPn+A1WAOC1yB2zLvS63T9Hl7JaQY7FgbBa6gOI0eOlHHjxnl64zIyQwWIWTdsimN3wQleQ/VJti3fTTfdJK+//rqhUdBNHARGjRolY8eO9Uy1SZMmvk8YjoOJbXMkeA1VhPvlDUHTjdSuXVsOHjzokVi7dq1cdtllCFkgQPAaKgLndw1B043wS97+RUDwGqjRrl27pFGjRp6eKlSoIIWFhQZGQBdxEZg7d67ceOONnunWqVNH9u3bFxcG6+dJ8BooUcOGDWX37t2enrp27SpLliwxMAK6iItA06ZNfZ+hNnXqVPne974XFwbr50nwGigRf/oZQKaLhABrLRoLgeA1UCfO7xpApovEw1N1M/3iR9WqVX0fdAlZ9gQIXgP2fsHLrZsG4GPWRYcOHeSjjz7yzHrYsGEyfvz4mGnYPV2CN+T6dOrUSVauXOnpRX9IPvzww5B7p/k4CeiXtadOnfJMmbvV7FsFBG/INeGHIWRgmk8I6Je3+iVu8YM7I+1cIARvyHXh/G7IwDSfELjhhhtk3rx5Ho3+/fvLrFmzULJMgOANuSDcMx8yMM0nBJLdks5pBjsXCMEbYl0GDRokkydP9vTQtm1bWb9+fYg903TcBPxOaenz1vw2Qo+bjY3zJXhDrApb84WIS9NFBPz+stJ9GXR/Bg77BAjeEGvC+d0QcWn6c4GPP/5Y2rdv7xF56KGH5Omnn0bKQgGCN8SicH43RFya/lzgzjvvlBkzZnhE9LHuyX75w5ddAYI3JP+33npL+vTp42m9efPmsmXLlpB6pdk4CrRo0UJyc3M9U+eLNXtXA8EbUm10N6gDBw7wwxCSL81+IeD3EFV90GVBQQFMlgoQvCEVhs1KQoKlWY+A31rTmyl27tyJlqUCBG9IheH8bkiwNOsR8FtrN998s8yZMwctSwUI3pAK4/fDoJuh79ixI6QeaTaOAhMnTpScnBzP1HVD9L59+8aRJBJzJnhDKJNuzadb9BU/+LIjBOyYN9m5c2dZvnw5ay1i64DgDaFgnN8NAZUmfQVq1aolhw4dKvJvbDlq/2IheEOoETdOhIBKk74CeluwXq977qH7Nhw+fBgxiwUI3hCKw8bnIaDSpK+A31rr2LGjrFq1CjGLBQjeEIrj98PAdZUhQMe8yQ0bNkibNm08Co888oiMHTs25jp2T5/gDaE+fsGrG+bk5eWF0BtNxlUg2a3ChYWForuVcdgrQPCGUBu/4NUvQfzuZAuhe5qMiUCzZs1k27ZtRWara6/4Od+YcERqmgRvCOXyC94mTZp4fkhC6JomYyRQsWJFz23BPOonGguA4A2hTn7By8MtQ4COeZP8go/uAiB4Q6id3w9Ev3795LXXXguhN5qMq4DfOrv11lvlL3/5S1xJIjNvgjeEUvn9QIwYMUKeeOKJEHqjyTgKPP/88/KTn/zEM/V33nlHvva1r8WRJFJzJnhDKJdf8L7//vvSrVu3EHqjyTgKdO3aVZYuXeqZOrelR2M1ELwB10l/GPSHovjBD0TA0DFvrmbNmp6707hVODqLguANuFZPPvmk6GkFgjdgWJorIuB3q7CG8cGDB5GKgADBG3CRbrvtNvnzn/9M8AbsSnNFBfxOZ1155ZWyYsUKqCIgQPAGXKSrr75aPvjgA4I3YFea+0Jg06ZN0rp1aw/JY489JqNHj4YqAgIEb8BFatmype/DLDnHGzB0jJu75557ZOrUqR6B48ePi95UwWG/AMEbcI3q1asn+/bt4xNvwK4094WA31OFuVU4WiuE4A24XtWqVZNjx44RvAG70twXAn5PFdZPuvqJlyMaAgRvwHXyu39eu+BUQ8DQMW7O74s13TAnNzc3xirRmjrBG3C9dDu+U6dO8Yk3YFea+0LAL3j79+8vs2bNgikiAgRvwIXyu76ST7wBI8e4ucmTJ8ugQYM8AgsXLpTu3bvHWCZaUyd4A66XPmni5MmTRVrli4+AkWPc3LXXXiuLFy/mL6qIrwGCN+AC8uVawKA0V0TA76nC+ldW8V/2sNktQPAGXJ+mTZvK9u3b+UQSsCvN/U+gSpUqkp+f7wljnm4SrRVC8AZcrx49eojuRFb84KqGgKFj2pxuhFN8LbHXc/QWA8EbcM10gxzdKCfs4NVd0Lp06RLw6GnOZgG9PlxPZRU/fv/738v3v/99m4fO2IoJELwBL4mtW7dK8+bNPa0ePnxYqlevnnFvc+fOTTy6e9myZTJw4EB5+eWXM26TBqIhoBvp66Pbw/6lHg2NaI+S4A2hfn7XWT7++OMycuTItHsbP368zJgxQ9asWePbhm6OopukcLgr0KtXL3n33XeLTJA9eKNZb4I3hLr5Be8111wjixYtKnNv+iiXu+++W3bt2lXiewneMtNG7g2NGjXyrAP9K0r/muKIlgDBG0K9/IK3Tp06vpvnJOu+oKBAdH/VtWvXpjRCgjclpki/yO929Hbt2snHH38c6XnFcfAEbwhV9wte7UZvJy4sLCy1x969e8s///nPlPZ30KsoZs6cKY0bNy61XV4QbQG/dXXvvfdynj+CZSV4Qyia3yU/53YzdOhQmTBhgqdn/SGaNm1aShfD6x1Mb7zxhujjXjjcF9i8ebO0atXKM9E5c+bIzTff7D6AYzMkeEMoqN9+qcW70U8vejG8fgrWQy8VSuXuI93vV69s0CddcMRHYNiwYb6/rLk+PJprgOANqW6jRo1KXPYV1KEhPWbMGMnJyQmqSdqJkIDfI6VSPXUVoWnGZqgEb8il9ts0pyxd6g/X7bffLn/84x/L8jZe65hA3bp1Zf/+/UVmpX/97Nmzx7GZxmM6BK+BOjdo0KDMPyB6KkLvTNPt/jS8OeIt4LfPc+fOnUXvYOSIngDBa6hmt9xyi7z55pty4sSJUnvUO9/0izO9VIgDARXwu6LhwQcflGeffRagCAoQvFkomv7ATJky5fMfprM/VLrl35AhQ2Tw4MFZGBVd2iqgt4f77cuhn3b1Uy9H9AQI3ujVjBHHTOD++++XF198scis2Vw/2ouA4I12/Rh9DATat2/vuTuNpwpHu/AEb7Trx+hjIFCjRg05cuRIkZnqvg07duyIwezdnCLB62ZdmZVDAn4PUO3Zs6csWLDAoVnGayoEb7zqzWwjKOB3RQObIkWwkOcMmeCNdv0YveMCegli3759PbPUvRv01nSOaAoQvNGsG6OOicBdd90l06dP54oGx+pN8DpWUKbjlsDFF18sn332WZFJVa5cWfLy8tyaaMxmQ/DGrOBMN1oCHTt2lNWrVxcZtN7ZuGXLlmhNhNEW/avlDPvKsSQQsFagWbNmsm3btiLjGzBggOf0g7UTYGC+AnziZWEgYLGA3kZ+6NChIiMcPny4jBs3zuJRM7TSBAje0oT4dwSyKOD3nLWXXnpJ7rvvviyOiq4zFSB4MxXk/QiEKOD3GCl9xPt1110XYq80HbYAwRu2MO0jkKZAfn5+4vFQxY/du3eL7vHMEV0Bgje6tWPkjgv4bQfJrmRuFJ3gdaOOzMJBgVdeeUUGDhxYZGbsSuZGoQleN+rILBwU8Htgau3atT3PXnNw6s5PieB1vsRMMKoC+mlXP/Wee3DzRFSrWXTcBK8bdWQWDgr07t1b5s+fX2RmeifbqlWrHJxtvKZE8Mar3sw2QgJ9+vSRt956q8iI9Xl8kyZNitAsGKqfAMHLukDAUoGaNWvK4cOHi4xu4cKF0r17d0tHzLBSFSB4U5XidQgYFNDA1eAtfuzcuVMaNmxocCR0FYYAwRuGKm0ikKGAnmLQUw3nHh06dJAPP/www5Z5uw0CBK8NVWAMCBQTeOyxx2TlypWyYsWKzx9qya5k7iwTgtedWjITRwX09IIG8AcffCAayBzRFyB4o19DZoAAAhETIHgjVjCGiwAC0RcgeKNfQ2aAAAIREyB4I1YwhosAAtEXIHijX0NmgAACERMgeCNWMIaLAALRFyB4o19DZoAAAhETIHgjVjCGiwAC0RcgeKNfQ2aAAAIREyB4MyyYPgPr3OPMmTMZtsjbEUDAdQGCN8MKE7wZAvJ2BGIoQPBmWHSCN0NA3o5ADAUI3gyLXjx4zzbHKYcMYXk7Ag4LELwZFpfgzRCQtyMQQwGCN8OiE7wZAvJ2BGIoQPBmWHSCN0NA3o5ADAUI3gyLTvBmCMjbEYihAMGbYdFnz54t/fv397RSoUIFKSwszLB13o4AAi4KELwBVJVPvQEg0gQCMRIgeAMo9g033CDz5s3ztFStWjU5cuRIAD3QBAIIuCRA8AZUTT71BgRJMwjEQIDgDajITZs2le3bt3taa9So0eeP5w6oK5pBAIGICxC8ARaQT70BYtIUAg4LELwBFrdKlSqSn5/vabFjx46yatWqAHuiKQQQiLIAwRtw9fjUGzAozSHgoADBG3BR9frdU6dOeVq94447ZMaMGQH3RnMIIBBFAYI34KotX75cOnfu7Gm1XLlyvoEccPc0hwACERAgeEMokoas37aQv/rVryQnJyeEHmkSAQSiJEDwhlCte+65R6ZOncqn3hBsaRIBFwQI3pCqmOxLth07dohe28uBAALxFSB4Q6p97969Zf78+XzqDcmXZhGIsgDBG2L1uLQsRFyaRiDCAgRviMVr166drFu3ztND+fLl5eTJkyH2TNMIIGCzAMEbcnX41BsyMM0jEEEBgjfkol144YW+m+RUrFhRjh8/HnLvNI8AAjYKELwGqsKnXgPIdIFAhAQIXgPFql27thw8eNDTU82aNX3/u4Eh0QUCCGRRgOA1hM+nXkPQdINABAQIXkNFSrZlZLNmzSQ3N9fQKOgGAQRsECB4DVaBT70GsekKAYsFCF6DxdErGQoKCjw9Xn311bJs2TKDI6ErBBDIpgDBa1BfLx+rXLmyb49+u5kZHBpdIYCAQQGC1yC2dpVso3Q+9RouBN0hkEUBgtcw/quvviq33367b68//elP5Te/+Y3hEdEdAgiYFiB4TYuLiO7VcPr0ad+eZ86cmTSYszBUuoy5wM6dO9nGNIQ1QPCGgFpakw899JD8+te/TvoyvdlCb67gQCBbAosXL5a3335bJk+enFiryf5Ky9b4ot4vwZulCnbq1ElWrlyZtHe+bMtSYWLe7R/+8AeZNGmSrF69+vPHV/Xp00fmzZsXc5lgp0/wButZptZatmwpW7ZsIXzLpMaLwxB49NFH5ZVXXpGtW7f6Nv+Pf/xDdHN/jmAECN5gHNNupUGDBrJnzx7f9+sNF8nOBafdIW9E4P8F9u3bJ0OGDJE5c+aUumeIPkdQPw1zBCNA8AbjmFErNWrUkCNHjvi2wabpGdHyZh+B999/X8aMGSMLFy70vaGn+FsaN24sP/zhD+VHP/oRX7QFtKII3oAgM22mUqVKcuLECd9m9NrfwsLCTLvg/TEXePnllxOXK65Zs+bz87clkZx//vnSs2dPefrpp6VDhw4x1wt2+gRvsJ4ZtaYLPdkjgTSY8/PzM2qfN8dTYOTIkYnzt9u3b08JoHr16nLLLbfIb3/7W6latWpK7+FFZRMgeMvmFfqrS7rGV38gDh8+HPoY6CD6Av/9738T529ff/31lNdMw4YNZeDAgTJ+/PjoA1g+A4LXwgKVK1cu6Z+C+mXc7t27LRw1Q7JB4L333pNf/vKX8q9//Svl01Nt27aVBx98UO6//34bphCLMRC8lpY52RaSOtw2bdrIp59+aunIGZZpgb1794relKNhu2nTppTO3+pfVp07d5bRo0fL9ddfb3rIse+P4LV4CZQUvtdcc40sWrTI4tEztDAF9MqERx55RJYvX16mc/+6O943vvENmThxorRq1SrMIdJ2CQIEr+XLo6Tw1ct8/vNZ+yWjAAAIkElEQVSf/1g+A4YXlIDeuvu73/0u8an21KlTZWq2bt260r9//8QXZhzZFyB4s1+DEkewYsUKueqqq5K+RoP5ueeekwceeMDymTC8sgocPXpUBg8eLH//+99Fb3ZI5zbyFi1aJK7BHTFiRFm75/UhChC8IeIG1bRee/mzn/2sxObq1auX9A64oMZBO+ELLFmyRIYPH544hZCXl5dWh/rLuGPHjjJ06FC544470mqDN4UrQPCG6xtY6/qp5aWXXiqxPf2Be/jhh2XcuHGB9UtD4Qs888wz8uKLL8rGjRvLfArh3NFp/Vu3bi3Tpk2TLl26hD9wekhbgOBNm878G4cNG5a4i6i0Pzl1S0ndWpLDTgG9SWbQoEGJUwh6RUJp9SxpFvocP706Qc//6lNMOKIhQPBGo05FRlm/fv3ED2xJh3760Y1N9DZRjuwL/Pvf/078NZLJKYSzs6hdu7Z885vflClTpmR/YowgLQGCNy227L9Jv93WC95L+7Skt3zqlzQc5gWeffbZxFUEmZ5C0Btq9Esy/QI1JyfH/EToMXABgjdwUrMNNmnSJKVLyvQT0t/+9jezg4thbz/4wQ8SzulehXCWTPfm0M3y9dTSV77ylRhKuj1lgteB+uqNFNddd12pX8yw0U7wxV62bJn84he/EP3/TDcxqlOnjtx4442JDW043BYgeB2qr95zn8qtxD169BC9p58jPQE9hfDCCy+kdSPDuT3qKQR9Conuc6uXfnHER4DgdazWhw4dEr2mN9n2kmene8EFF8ixY8dE9/rl8BfYsWOHzJ49W9555x355JNPRJ+4q9fWlnZevSTPs6cQ9JI//QXIEU8BgtfRunft2lWWLl1a6uyuuOKKEh+6WWoDEX7Btm3bZMaMGbJgwYLEXwr6CCY9XaCPW8okXIuT6CkEfWDk9OnTI6zF0IMUIHiD1LSwLb3Os6CgoMSR6afeatWqid7P37RpU2nXrl1iIxX9Qi7Kh+5poOdLdUOZDRs2JL7wOn78eKnnwjOd89mrEO677z5u1c0U09H3E7yOFvbcad10003yxhtvZDRTvS5Y/6chrTtc6U0auknP5ZdfLr169UpswKJP0DB56J//Gqz65eLmzZtl//79iccnlXUDmSDGrL/g9CqEsWPHyle/+tUgmqQNhwUIXoeLW3xqek1vuvf/l4Xp3JDWQNKHeWpIX3LJJdK9e/fE/gH6Cbu0Q282mDlzZuKKgS1btsiBAweyFqx+Y9UbGfr27csphNIKyb97BAjemC0KvVV18uTJVs367Cdp/RNdvxTMxifW0kB0jPqJXk/H6I0MuhcuBwLpChC86cpF/H21atUSvQKC438CGvp6pcfZT+ft27dPnOceMGBA4t84EAhSgOANUjNibY0aNUqeeuqpxKdM/RY/yG/ybaLQT6v6qBu9lEtPDzRv3jxxPrZfv36J89McCJgWIHhNi0ekv/nz58vbb78tq1atktzc3MQXV3rdb2FhYeJUgE0hffZUhZ7D1muYL774YunWrVviXLLuccCBgG0CBK9tFYnoePQaVb0edu3ataI3HuhpDL0mNohP0/qnvp5f1cfbN2rUKHElxde//vXE7mslPRopopQMOwYCBG8MimzbFLdu3Zq4I0yftvDZZ58lHld/5MiRxPnVZs2afX4aQM+xciDgogDB62JVmRMCCFgtQPBaXR4GhwACLgoQvC5WlTkhgIDVAgSv1eVhcAgg4KIAwetiVZkTAghYLUDwWl0eBocAAi4KELwuVpU5IYCA1QIEr9XlYXAIIOCiAMHrYlWZEwIIWC1A8FpdHgaHAAIuChC8LlaVOSGAgNUCBK/V5WFwCCDgogDB62JVmRMCCFgtQPBaXR4GhwACLgoQvC5WlTkhgIDVAgSv1eVhcAgg4KIAwetiVZkTAghYLUDwWl0eBocAAi4KELwuVpU5IYCA1QIEr9XlYXAIIOCiAMHrYlWZEwIIWC1A8FpdHgaHAAIuChC8LlaVOSGAgNUCBK/V5WFwCCDgogDB62JVmRMCCFgtQPBaXR4GhwACLgoQvC5WlTkhgIDVAgSv1eVhcAgg4KIAwetiVZkTAghYLUDwWl0eBocAAi4KELwuVpU5IYCA1QIEr9XlYXAIIOCiAMHrYlWZEwIIWC1A8FpdHgaHAAIuChC8LlaVOSGAgNUCBK/V5WFwCCDgogDB62JVmRMCCFgtQPBaXR4GhwACLgoQvC5WlTkhgIDVAgSv1eVhcAgg4KIAwetiVZkTAghYLUDwWl0eBocAAi4KELwuVpU5IYCA1QIEr9XlYXAIIOCiAMHrYlWZEwIIWC1A8FpdHgaHAAIuChC8LlaVOSGAgNUCBK/V5WFwCCDgogDB62JVmRMCCFgtQPBaXR4GhwACLgoQvC5WlTkhgIDVAgSv1eVhcAgg4KIAwetiVZkTAghYLUDwWl0eBocAAi4KELwuVpU5IYCA1QIEr9XlYXAIIOCiAMHrYlWZEwIIWC1A8FpdHgaHAAIuChC8LlaVOSGAgNUCBK/V5WFwCCDgogDB62JVmRMCCFgtQPBaXR4GhwACLgoQvC5WlTkhgIDVAgSv1eVhcAgg4KIAwetiVZkTAghYLUDwWl0eBocAAi4KELwuVpU5IYCA1QIEr9XlYXAIIOCiAMHrYlWZEwIIWC1A8FpdHgaHAAIuChC8LlaVOSGAgNUCBK/V5WFwCCDgogDB62JVmRMCCFgtQPBaXR4GhwACLgoQvC5WlTkhgIDVAgSv1eVhcAgg4KIAwetiVZkTAghYLUDwWl0eBocAAi4KELwuVpU5IYCA1QIEr9XlYXAIIOCiAMHrYlWZEwIIWC1A8FpdHgaHAAIuChC8LlaVOSGAgNUCBK/V5WFwCCDgogDB62JVmRMCCFgtQPBaXR4GhwACLgoQvC5WlTkhgIDVAv8H0u9gq8Nzk9kAAAAASUVORK5CYII=','2025-01-09 09:07:56','2025-01-09 09:11:50'),('7a949246-ce6a-11ef-b3bb-d8bbc114656c','1a22a52e-c300-4fc0-b5a9-7af24d4d440a','3e9ebee8-92c1-457d-a6e5-356dd214b5c0','4134a928-2e38-4286-8eab-b51b31f1b4b4',_binary 'data:image/png;base64,iVBORw0KGgoAAAANSUhEUgAAAV4AAAHCCAYAAACnj6EiAAAAAXNSR0IArs4c6QAAIABJREFUeF7tnQf0FNX1x69U6VLUgApIERXFLhZUxBgFATHGrsEewUSEKCqWYyUgR8UYFEsSCXgi0UQUYm+IUbCjhqKAohQLTXrnf+76x/D77czuzs7Mm/dmPnOOJ8bfm3vv+9y7351988p2W7Zs2SJcEIAABCBgjMB2CK8x1jiCAAQgkCOA8FIIEIAABAwTQHgNA8cdBCAAAYSXGoAABCBgmADCaxg47iAAAQggvNQABCAAAcMEEF7DwHEHAQhAAOGlBiAAAQgYJoDwGgaOOwhAAAIILzUAAQhAwDABhNcwcNxBAAIQQHipAQhAAAKGCSC8hoHjDgIQgADCSw1AAAIQMEwA4TUMHHcQgAAEEF5qAAIQgIBhAgivYeC4gwAEIIDwUgMQgAAEDBNAeA0Dxx0EIAABhJcagAAEIGCYAMJrGDjuIAABCCC81AAEIAABwwQQXsPAcQcBCEAA4aUGIAABCBgmgPAaBo47CEAAAggvNQABCEDAMAGE1zBw3EEAAhBAeKkBCEAAAoYJILyGgeMOAhCAAMJLDUAAAhAwTADhNQwcdxCAAAQQXmoAAhCAgGECCK9h4LiDAAQggPBSAxCAAAQME0B4DQPHHQQgAAGElxqAAAQgYJgAwmsYOO4gAAEIILzUAAQgAAHDBBBew8BxBwEIQADhpQYgAAEIGCaA8BoGjjsIQAACCC81AAEIQMAwAYTXMHDcQQACEEB4qQEIQAAChgkgvIaB4w4CEIAAwksNQAACEDBMAOE1DBx3EIAABBBeagACEICAYQIIr2HguIMABCCA8FIDEIAABAwTQHgNA8cdBCAAAYSXGoAABCBgmADCaxg47iAAAQggvNQABCAAAcMEEF7DwHEHAQhAAOGlBiAAAQgYJoDwGgaOOwhAAAIILzUAAQhAwDABhNcwcNxBAAIQQHipAQhAAAKGCSC8hoHjDgIQgADCSw1AAAIQMEwA4TUMHHcQgAAEEF5qAAIQgIBhAgivYeC4gwAEIIDwUgMQgAAEDBNAeA0Dxx0EIAABhJcagAAEIGCYAMJrGDjuIAABCCC81AAEIAABwwQQXsPAcQcBCEAA4aUGIAABCBgmgPAaBo47CEAAAggvNQABCEDAMAGE1zBw3EEAAhBAeKkBCEAAAoYJILyGgeMOAhCAAMJLDUAAAhAwTADhNQwcdxCAAAQQXmoAAhCAgGECCK9h4LiDAAQggPBSAxCAAAQME0B4DQPHHQQgAAGElxqAAAQgYJgAwmsYOO4gAAEIILzUAAQgAAHDBBBew8BxBwEIQADhpQYgAAEIGCaA8BoGjjsIQAACCC81AAEIQMAwAYTXMHDcQQACEEB4qQEIQAAChgkgvIaB4w4CEIAAwksNQAACEDBMAOE1DBx3EIAABBBeagACEICAYQIIr2HguIMABCCA8FIDEIAABAwTQHgNA8cdBCAAAYSXGoAABCBgmADCaxg47iAAAQggvNQABCAAAcMEEF7DwHEHAQhAAOGlBiAAAQgYJoDwGgaOOwhAAAIILzUAAQhAwDABhNcwcNxBAAIQQHipAQhAAAKGCSC8hoHjDgIQgADCSw1AAAIQMEwA4TUMHHcQgAAEEF5qAAIQgIBhAgivYeC4gwAEIIDwUgMQgAAEDBNAeA0Dxx0EIAABhJcagAAEIGCYAMJrGDjuIAABCCC81AAEIAABwwQQXsPAcQcBCEAA4aUGIAABCBgmgPAaBo47CEAAAggvNQABCEDAMAGE1zBw3EEAAhBAeKkBCEAAAoYJILyGgeMOAhCAAMJLDUAAAhAwTADhNQwcd+kjsGzZMpk+fbq88MILcvPNN6evg/QocgIIb+RIMZhmAu+8847Mnj07J7QzZszIie3y5ctzXe7Ro4c888wzae4+fYuIQOqFt0+fPvLKK6/I+vXr85C1bNnSE2Pnzp15comowNJkZuDAgfKnP/1J1qxZ49mtZs2ayfz589PUZfoSE4HUCe8tt9wiDz/8sCxcuFA2b95cNrYtW7aUfS83povADz/8ICeeeKJMnjy5aMcWLFggTZs2LdqOBtkmkArh1SfUKVOmyNq1ayPLJsIbGUqnDT3wwANy/fXXy9KlS0vqx/jx46V79+4ltaVRdgk4K7znnHOOPPXUU74/+8KmFOENS9D9+08++WRRIS1WC9WrV5e99tor98+ee+7JMJX7qY+9B04J78iRI+Xaa68V/ekX91Xswxa3f+wnR2DixIny61//Wr766ivfIHbaaSe56aabpEOHDjnBbdKkSXIB49k5As4I78477yzfffdd2YC33357URtbr+22205atGiR+7/671uFVv/9mGOO4amlbNJu33jnnXfKoEGDZNOmTb4d+dWvfiVPPPGE2x0l+kQJWC+8gwcPlhtuuKHoz73KFFVA9ank97//vVx99dWJQsa5GwT0Cfb222/3rbV69erJiBEj5LzzznOjQ0RpLQGrhbdx48ayZMmSkuHpWNt+++0nEyZMqPB0W7IBGmaWwIABA+See+7x7X/Hjh3lzTfflGrVqmWWER2PjoCVwnvNNdfIsGHDij7l6lOtPoWcdtpp8sgjj0RHBUuZInDZZZfJgw8+6NnnKlWqSL9+/eTuu+/OFBM6Gy8B64S3W7du8txzzxXstQquLs3Un4ZcEAhDQF+ijR492tOE1pkumOjbt28YF9wLgTwCVglvKaJbv359I7MaqJX0E9BfSk8++SSim/5UW9dDa4S3mOjq04cu2RwyZIh1EAnIPQKIrns5S1PEVghvMdHlKTdNJWdHX2rXru25+IbhBTvyk/YoEhfeYqLbtWtXefbZZ9OeB/pnkMC8efNkt912yx93Y0zXYBay7SpR4UV0s118SfX+oIMOkg8++CDP/Y033ii33nprUmGF8nvggQd69imUUW6OjUBiwpt20a1bt66sXLkytsRhuHwCOt9748aNFQxUrVo177+V78HcnTrdbeuqS5a5m+Me1lNiwquF7rdto+vDCyq6q1atKjoPOWzyuD84Ad2HQXezq3zpU/B7770X3GBCd2wruFtDOOCAA3jqTSgfQd0mJrz6EsPrSovoat94AglajvG333333eXLL7/Mc7R69WqpVatW/AFE4EGHFT788ENPS9RcBIANmLBKeHWHp++//95At+NxsfVJd6t1PgTxcA5j1etJUWc46C8Uly6/Bxeeet3IYiLC2759e5k2bVoeIZeFqrLo8sRr3wdg+PDh0r9//7zAdPXaqFGj7Au4QER+T70qyGFOXnEKgsPBJiK8utGI17Z7rgqv/kT1Ov3C1f44XM8FQ9d9PbxeeLqaJ7+nXt1BjWXOdldxIsLrVzAufgB0n99169Yx3mZ3neei8/rC1y9NHd918dIN2PWk48oXT732Z9Ma4W3UqJEsXrzYfmKVIvT7EmGowb5Ueo3v6ub433zzjX3BlhhRmh5iSuxyKpoZF16/yesuPu1urQCK343PgleedKz0/fffd6MDHlH6DZ/w1Gt3So0Lb9rGdzW9Xh9oCt++wvfK0wUXXCB/+ctf7As2QER88QeAZUlT48KbtiLR44W8psDtsMMOJR8JbkktpD4Mr9p7+umnpWfPnk733e9hxtXVeE4no8TgEd4SQfk1S9sXSUgc1t7+zDPPiB7XXvlyeYhr275Qh9aWnmdgCG/IfFHwIQEaur1Pnz4ycuTI1Aqv14tD7azOL1+xYoUhyrgplQDCWyopj3a6Suijjz7K+wvjuyGgxnTrEUccIW+//XZqhVc7xkNATMUTg1mENwRUv6eM008/XcaOHRvCMrdGTUD339V9eCv/PE/TKi+/etxnn33kk08+iRop9kIQQHjLhHfdddf5HkOUlnHDMtFYeZueYlL5J7e+lNqwYYOV8ZYT1AMPPOC5Yo1fYOXQjPcehLdMvn4/6yjyMoHGfFvNmjVl/fr1FbzoE6LX0vWYQ4nVvN9Tr+5mtv/++8fqG+OlE0B4S2f1U0u/4tYGnA9XBlADtzRo0ECWL1+e5yltv05YRmygmCJwgfAGhOh1esFWEzztBoRpsHnLli1l7ty5qRde7SAv2QwWVpmuEN4A4AYMGCD33HOP5x2IbgCQCTTNwqyGrVhr1KjhOXbNgooECs/HJcIbIBdsiBMAlmVNL7roIs+lwWkbatj215dXCtLaX8vKrWg4CG9RRD82KDSuu2zZMtExRC57CYwZM0bOO++8vADXrFkjurVn2i6/em3cuLEsWrQobd11rj/WCK++dfbaTNwGooVEd5dddsmbH2pDzMSQT8DrF8tdd90lOoSUtmvmzJmy5557enaLp97ks21ceNu2bSuzZs1ypiAKiS7juskXcJAIvIS3R48eovs4pPHyq9007Mjmer6MC68Cc2UObKExXUTXvdL3yme7du08T3Fwr3f5Efs95FC7yWc3EeE999xz5bHHHvPs/auvvirHHntsomTatGkjs2fPLhgDP9cSTVFZzr2E19WTT0oFwNSyUkmZbZeI8GoXC/2ET1LUCsW1NTXfffed7LjjjmYzhbfQBLxESF+s6Qu2tF5+88556k0244kJ78cffyz77befZ++POuooeeONN4yTKTS0sDWYJL8UjANJmUO/L9W055SnXvsKOTHhVRR+O+fr30x+GFq1aiVffPFF0eyYjKloMDQITMCv3myeURO4kx43+H3hpL3fUbCLy0aiwqudSupFm54s26xZs5IEPo2bqcRVUDbb1Xm8Op/X6xo8eLDojnNpvMaPH+97vBEPE8lkPHHhrVWrVsH5u6NHjxZ9GRfV5bVLVSHbp556qjz55JNRucdOwgQK1VuaRYjhhoQLr5L7xIW30FPv1ljDvgDRAyl1tU7QD1bQ9nallmj8CPiJUJ06dWTlypWpBJfV8W1bk2mF8O68886iMwUKXUHfwh555JG5o17KEc+gvmxNLnF5EzjxxBPlhRde8PzjpEmTpFOnTqlD53UCh3aSX3TJpNoK4dWud+jQwYrjSXTPBd17gSvdBPx28NJel/NlbTstPeJIdyerfOl0s8obxNvelzTEZ43wboVZyjzaqMFTfFETdcOe35CDztEu9gvMjR5WjNKrv/y6SyaT1gmvYvA7LSBKROxNGiVNN23pcNRbb73lGXwan3p5wWZPnVopvIrnnXfekY4dO0ZKSgtPNzLv169fpHYx5i6BQieKpE18ecFmT51aK7xbERVaZFEKRhXbnj17yrhx40ppTpsMEvB7EmzdurXvTnouYmrYsKHn+4u0fcG4kBvrhVchFnoL7QVZP0h77LFHanedcqGwXIpRl67rEnav69lnn5WuXbu61B3fWBcsWCC6f3Tli5kN5tPrhPCax4LHrBEo9Muqb9++MmLEiFQg8Xq65+Wy+dQivOaZ49FSAoU2SUpq46aoUTGzIWqi5dlDeMvjxl0pJFBsH2Y9Ir6UzZRsRoPw2pEdhNeOPBCFJQR0Dm+hwyD1BdWSJUssiTZ4GF7C27RpU9HxXy5zBBBec6zx5AgBfTH7+eef+0Ybdu+QpDAcffTRokuiK1/MajCfEYTXPHOnPWblp2qXLl3ktdde882VvozbsGGDU7lkHq896UJ47cmFE5FkafXTFVdcIffdd59vXlzbpzlLubP9w4Tw2p4hy+LL2of38ccfl7POOqtgFlz5qe6VO9e+PCz7OJQdDsJbNrps3uj3FFi3bl1ZsWJFaqEUO4/PdvH9xS9+IS+99FJefvbdd1/fxSOpTaYFHUN4LUiCayFk7al3a35cFd+xY8fmntq9vhxs/8Jw7bNRarwIb6mkaPcTgR122EF++OGHPCK6gbjXW/M0oSu2baltQlZsrxPb4k1TrRTqC8KblUxH3M+sPvUqRt1SVDcW97tsWGjhd+LEtjGzF2/EH4oA5hDeALBo+j8Cfk9+n3zyieyzzz6pR1XoBIvK4mZywyblr6e5lHK5Oh+5lL7Z3gbhtT1DlsbXvXt3+fe//50XnYvzW8tFXLt2bVmzZk2g2/Ups0WLFrEsPS42rLBtoFOnTi1ZoAN1kMYlEUB4S8JEIy8CWR5u2MqjcePGoZYQK0Ndsjt//vyiRfbuu+/mdkmbMmWKfPvtt7Jq1SrZuHFj7qVZqWO1jRo1ksWLFxf1RYN4CSC88fJNtfVatWrJ2rVr8/qYtbX/rVq1iuUJNsriYTw3SprhbSG84Rlm2gJPvT+m//DDD889iZb65GmyaM455xwZM2aMSZf4KkIA4aVEQhFAeL3x6UkPCxcuTFSI9QXgunXrQuWXm+MhgPDGwzUzVv1eMNn45JdkUpo3by7z5s0zIsQMKySZ6dJ8I7ylcaKVD4FDDjlE3nvvvby/Dhw4UIYOHQo3HwK77767zJ07N3Ihbt++vXz66adwt5wAwmt5gmwPT9+QN2nSJC/MnXbaKffmnas0Au3atftpD2B9YtVFGjpU0KBBA9l1113l4IMPlt69e8uhhx5amkFaWU0A4bU6PW4E5zXOq8KhU524IACBfAIIL1URmgAv2EIjxEDGCCC8GUt4HN3127uAF2xx0MZmGgggvGnIYsJ90AMgly1blhcFwptwYnBvLQGE19rUuBPY+eefL6NGjcoLuG/fvrklrlwQgEBFAggvFREJAa9xXt3HoNBR6ZE4xggEHCSA8DqYNBtD5jwvG7NCTLYSQHhtzYxjcTGzwbGEEW6iBBDeRPGnx7nfxuC8YEtPjulJdAQQ3uhYZtpSmzZtZPbs2XkMEN5MlwWd9yGA8FIakRAYN26cnHLKKXm2zj33XBk9enQkPjACgbQQQHjTkkkL+uE1zqsnEi9dutSC6AgBAvYQQHjtyYXzkTCzwfkU0gFDBBBeQ6Cz4IaZDVnIMn2MggDCGwVFbOQI+J3Bxgs2CgQCFQkgvFREZAR222233CkLlS+ENzLEGEoJAYQ3JYm0oRs9evSQCRMmILw2JIMYrCaA8FqdHreCe/rpp6VXr155QetRNHokDRcEIPAjAYSXSoiUgNcLNo4XjxQxxlJAAOFNQRJt6oKX8OrBjnPmzLEpTGKBQKIEEN5E8afPuZfw1qlTR1auXJm+ztIjCJRJAOEtExy3eRPg4EsqAwLFCSC8xRnRIgCBatWqyaZNm/LuYEpZAIg0TT0BhDf1KTbbQR1WWL16NcJrFjveHCOA8DqWMNvDbdmypcydOxfhtT1RxJcoAYQ3Ufzpc65bQ+oWkZUvhhrSl2t6VD4BhLd8dtzpQWDixInSuXPnvL/MmDFD2rVrBzMIQIAFFNRAHAS8Zjb07t1bHn300TjcYRMCzhHgide5lNkfsJfwtmrVyvNoIPt7Q4QQiJ4Awhs908xbZBFF5ksAAEUIILyUSOQEWEQROVIMpowAwpuyhNrQnerVq8vGjRsrhFK1atW8/2ZDrMQAgSQIILxJUE+5T6+TKPQpePPmzSnvOd2DQGkEEN7SONEqAIH69evLihUrKtyB8AYASNPUE0B4U59i8x3ccccdZdGiRXmOWURhPhd4tJMAwmtnXpyOqnnz5vL1118jvE5nkeDjJIDwxkk3o7b32Wcf+e9//4vwZjT/dLs4AYS3OCNaBCRw9NFHy6RJkxDegNxonh0CCG92cm2sp2eeeaaMHTsW4TVGHEeuEUB4XcuYA/EOHDhQhg0bhvA6kCtCTIYAwpsM91R71c1wLrjgAoQ31Vmmc2EIILxh6HGvJ4Fp06ZJ+/btEV7qAwI+BBBeSiMWAl77NXz22WfStm3bWPxhFAIuEUB4XcqWQ7F6Ce/o0aPl3HPPdagXhAqBeAggvPFwzbxVL+G97rrrZPDgwZlnAwAIILzUQCwEvIT3jDPOkMcffzwWfxiFgEsEEF6XsuVQrF7Ce8wxx8jrr7/uUC8IFQLxEEB44+GaeatewtuhQweZOnVq5tkAAAIILzUQCwEv4W3RooV8+eWXsfjDKARcIoDwupQth2L1El7dLvK7775zqBeECoF4CCC88XDNvNUqVapI5f1369WrJ8uXL888GwBAAOGlBmIhoGesVT7qR48EWr16dSz+MAoBlwggvC5ly6FYq1WrJps2baoQsR6CuX79eod6QagQiIcAwhsP18xb3X777WXdunUVONSsWVPWrl2beTYAgADCSw3EQgDhjQUrRlNCAOFNSSJt6wbCa1tGiMcmAgivTdlIUSwIb4qSSVciJ4DwRo4Ug0oA4aUOIOBPAOGlOmIhgPDGghWjKSGA8KYkkbZ1A+G1LSPEYxMBhNembKQoFoQ3RcmkK5ETQHgjR4pBxnipAQgUJoDwUiGxEOCJNxasGE0JAYQ3JYm0rRsIr20ZIR6bCCC8NmUjRbEgvClKJl2JnADCGzlSDDLGSw1AgDFeaiABAjzxJgAdl84Q4InXmVS5FSjC61a+iNYsAYTXLO/MeEN4M5NqOloGAYS3DGjcUpwAwlucES2ySwDhzW7uY+05whsrXow7TgDhdTyBtoaP8NqaGeKygQDCa0MWUhgDwpvCpNKlyAggvJGhxNC2BBBe6gEC/gQQXqojFgIIbyxYMZoSAghvShJpWzfq168vK1asqBBW48aNZdGiRbaFSjwQME4A4TWOPBsOa9euLWvWrKnQ2WbNmsn8+fOzAYBeQqAAAYSX8oiFQM2aNWX9+vUVbLdu3VpmzZoViz+MQsAlAgivS9lyKNZq1arJpk2bKkTcoUMHmTp1qkO9IFQIxEMA4Y2Ha+atVq1aVTZv3lyBQ6dOnWTSpEmZZwMACCC81EAsBKpUqSJbtmypYLt79+4yfvz4WPxhFAIuEUB4XcqWQ7F6CW/v3r3l0UcfdagXhAqBeAggvPFwzbzV7bbbLo/BwIEDZejQoZlnAwAIILzUQCwEvIR3+PDh0q9fv1j8YRQCLhFAeF3KlkOxegnvU089Jb169XKoF4QKgXgIILzxcM28VS/h/fjjj2XffffNPBsAQADhpQYiJ6Dzd3Ueb+Vr3bp1UqNGjcj9YRACrhFAeF3LmAPxfvrpp55PtpWnlznQFUKEQCwEEN5YsGbb6Lhx4+SUU07Jg4DwZrsu6P3/CCC8VEPkBO6991658sorEd7IyWIwLQQQ3rRk0qJ+6HzdYcOGIbwW5YRQ7CKA8NqVj1REoyvU/va3vyG8qcgmnYiDAMIbB9WM2zzppJPk2WefrUBBp5dV3jQn45jofoYJILwZTn5cXT/yyCPlrbfeqmBe926ovE1kXP6xCwHbCSC8tmfIwfh0kYROKdv20m0iN27c6GBvCBkC0RNAeKNnmnmLetLEnDlzKnCoXr163okUmQcFgMwSQHgzm/r4Oq5nqy1cuLCCAz11uPIZbPFFgGUI2E0A4bU7P05Gp6cJL1mypELs9erVk+XLlzvZH4KGQNQEEN6oiWJPGjVqJEuXLq1AYo899pCZM2dCBwIQEBGElzKInIDXCcNdu3bNm2IWuWMMQsARAgivI4lyKUyvY38GDRokd9xxh0vdIFYIxEYA4Y0NbXYNe+3F+/LLL8txxx2XXSj0HALbEEB4KYdICbz66queAsvOZJFixpjjBBBexxNoW/jXXXedDBkypEJYLBe2LUvEkzQBhDfpDKTM/wknnCAvvvhihV7pqRN6+gQXBCDwIwGEl0qIlECbNm1k9uzZFWw2bNgwb15vpE4xBgHHCCC8jiXM9nBVZJctW1YhzLZt28pnn31me+jEBwFjBBBeY6iz4UiHFTZs2FChs8cff3ze8EM2aNBLCHgTQHipjEgJeM3h7d+/v9x9992R+sEYBFwmgPC6nD0LY/eaw6uHX5588skWRktIEEiGAMKbDPdUen3ttdekS5cueX3TfXh1P14uCEDgRwIIL5UQGYFrr71Whg4dWsEec3gjw4uhFBFAeFOUzKS74jWHlw3Qk84K/m0kgPDamBVHY9JpY7NmzaoQfYMGDfKmlznaPcKGQGQEEN7IUGKoTp06snr16gogDjjgAPnggw+AAwEIbEMA4aUcIiEwcuRI6dOnT56tyZMnS8eOHSPxgREIpIUAwpuWTCbcD32y/eijjypEoUcALVq0KOHIcA8B+wggvPblxLmI9BDLunXryubNmyvE3q9fPxk+fLhz/SFgCMRNAOGNm3AG7F9++eVy//33V+gp08gykHi6WDYBhLdsdNy4lUDTpk3lm2++qQBkv/32yxt6gBgEIPAjAYSXSghFQI/00U1wKl8PP/ywXHzxxaFsczME0koA4U1rZg316+abb5ZbbrmlgrfatWvLqlWrDEWAGwi4RwDhdS9nVkXsJby6gu3555+3Kk6CgYBNBBBem7LhYCxewnvVVVfJsGHDHOwNIUPADAGE1wxnvEAgVQQWLlwo+lKVqzwCCG953LgLApkmoL909Gy9s846S7p165ZpFuV0HuEthxr3QCDDBN59913p2rWrLF68OEehc+fOcuGFF8p5552XYSrBuo7wBuNVtLVuEqNv9bkgkFYCTZo0+Ul0t/Zx1113zc3b1mXiXMUJILzFGfm28DrmRhtv2bIlhFVuhYC9BA466CDP3eb0TD09W4+rNAIIb2mcPFshvCHgcatzBM4//3wZNWpUXty6T8eUKVNk7733dq5PSQWM8IYgj/CGgMetThHQlYiXXnppXsz6GdB9Oi677DKn+pN0sAhviAwgvCHgcaszBObNmyetW7eW9evX58V8ySWXyEMPPeRMX2wJFOENkQmENwQ8bnWGgL44mz9/fl68nTp1kkmTJjnTD5sCRXhDZAPhDQGPW50goFPFJk6cmBdr8+bNZfr06czgKTOLCG+Z4PQ2hDcEPG61noDOUvDayF6nS77xxhuiMxy4yiOA8JbHLXcXwhsCHrdaTeDpp5+WXr16ecZ47733yhVXXGF1/LYHh/CGyJCOcf3nP//Js3DggQfK+++/H8Iyt0IgOQJr167NLYSofGK0RtS7d2959NFHkwsuJZ4R3pCJ5Kk3JEBut45Au3bt5LPPPsuL67DDDpO3337bunhdDAhgiNHpAAAN+UlEQVThDZm1KlWqeK5UY/VaSLDcngiBnj17yvjx4/N877LLLjJz5kypU6dOInGlzSnCGzKjffr0kZEjR+ZZqVWrludPtZDuuB0CsRG4/fbb5cYbb8yzX7Vq1dzLtCOOOCI231kzjPBGkHGGGyKAiIlECUyePFkOP/xwzxjuvPNOufrqqxONL23OEd4IMlq9enXZuHFjnqXTTjtN/vGPf0TgARMQiJdAgwYNZPny5XlOzj77bHnsscfidZ5B6whvBEnXJZO/+c1v8izpk/DmzZsj8IAJCMRHYP/995epU6fmOTj44INF997lip4AwhsRU4YbIgKJGaMEdPPyMWPG5PmsX79+bpmw7jzGFT0BhDcipvoyTec/Vr522GEHWbp0aUReMAOB6AjoS2F9Oex1vfLKK9KlS5fonGGpAgGEN6KCmDZtmrRv397TGlPLIoKMmcgIzJ07V1q1auU5FHbbbbfJDTfcEJkvDOUTQHgjrAqGGyKEialYCXgd36MOeSEcK/afjCO8EXL2G244+uijPXd4itA1piBQMgFdgaYnRlS+9AlYTw7mip8Awhsh42uvvVaGDh2aZ7FatWqyYcOGCD1hCgLlEdDNbe677768m3WRhL6LqFevXnmGuSsQAYQ3EK7ijRluKM6IFskQ+Ne//iWnnnqqp/MJEybISSedlExgGfSK8EacdPZuiBgo5iIhoL+4dB9dr4U+ukz41ltvjcQPRkojgPCWxqnkVjvuuKMsWrQor72eWTVr1qyS7dAQAlESaNq0qXzzzTd5Jnn/ECXl0m0hvKWzKqmlPlnUqFEjry2r2ErCR6MYCBx77LHy+uuv51nWZcLLli2LwSMmixFAeIsRKuPvjPOWAY1bYiEwaNAg+cMf/uBpe/HixdKoUaNY/GK0MAGEN4YK0TfEXns0sJAiBtiY9CWgp6PoKSle1z//+U/55S9/Cb2ECCC8MYA/4IAD5KOPPsqzrJPWv//++xg8YhIC+QRq1qwp69evz/vDhRdeKH/+859BliABhDcm+F7DDYzzxgQbs3kEWrRoIV999VXef+clrx3FgvDGlAfGeWMCi9miBLp16ybPPfdcXjsW8hRFZ6wBwhsTar+feY8//ricccYZMXnFbNYJ9O/fX4YPH+6JQbd5bNasWdYRWdF/hDemNAwYMEDuueeePOt6WODKlStj8orZLBM4/vjj5eWXX/ZEoLV45ZVXZhmPVX1HeGNMB8MNMcLF9E8EdFpYmzZtfOfkdu7cWV577TWIWUQA4Y0xGSwfjhEupnMEfvvb38r9998vflMV2YjfzkJBeGPMS+PGjWXJkiV5HvQnn9cwRIyhYDqFBHSGwpw5cwr2jLnjdiYe4Y0xL7ocs2HDhnkedEnxunXrYvSM6TQTGDVqlFxyySUFtxrdfvvtc9s86v9y2UcA4Y05J4zzxgw4Y+aPOuooefPNNwv2+phjjvHcmyFjqKzuLsIbc3r8lg/rk7DXMETM4WDeUQILFiyQPffcU1asWOHbA/2S1xWTHTp0cLSX2Qkb4Y0513po4B133OHphfG3mOGnxLwu8f3rX/9asDe77LKLzJs3LyU9Tn83EF4DOdYVQ5s2bWKs1wDrtLlo3ry5fP311wW7pUdO+e1AljYeaekPwmsgk6tWrZK6devy1GuAdVpcjBgxQvr16+f5hb21j7o6UoceqlevnpZuZ6YfCK+hVPudQKxzfb2ehg2FhRsLCRx66KHy7rvvFozsyCOPLPqSzcKuEdL/E0B4DZaC3wwHlnMaTILFrqZNmyYquvoLye/SL+q33347147LXQIIr8Hc7bTTTr778fKizWAiLHR11llniW6gVOj62c9+JgsXLrQwekIKSgDhDUosZHu/p17mXoYE6/DtfgdRbtsl3XTprrvucriXhL4tAYTXcD34nU6hYfDUazgZCbsbMmSIXH/99Z7HRG0NTY9k193s/L6wE+4C7sskgPCWCS7MbX4fIt0rVfdM5Uo/gf3331+mTp1asKOHHXZYbjyXK30EEN4Ecnr55ZfndpTyunjqTSAhBl3qAZTHHXdcwb06dHrYK6+8Iro8mCudBBDehPLqt5RYf1oWequdULi4jYDAySefLM8880xBS7vuumvRBRMRhIKJhAkgvAklYMaMGbLXXnvx1JsQf9NuGzVqlNstzO/S4SfdW/ePf/yj6dDwlwABhDcB6Ftd+p3Lpk/DGzduTDAyXEdFQF+e6XLeQkNIbFYeFW137CC8CeZKP4w6Id7revHFF0XP0OJyl4AexzN79uyCHejUqZNMmjTJ3U4SeVkEEN6ysEV3U6GfoLxoi46zSUt6tHrPnj0L/mrRDcrHjx8vP//5z02Ghi9LCCC8FiTCb3qZLgudMmWKBRESQqkE9GDJiRMnFmyu++pOnz69VJO0SyEBhNeCpO69996+H8TddttNvvrqKwuiJIRCBGbNmiW6OEYXO/hdOnavL9CGDx8OzIwTQHgtKYBCK5N0S8lCJw9Y0oVMhnHFFVfIQw89VPQMPfZZyGR5+HYa4bWkHs4++2z5+9//7huNbqa+YcMGS6LNdhj6VKvbMn7yySdFl3nrF6qO944bNy7b0Oh9BQIIr0UFceONN8rtt9/u/y253XYF1/Vb1JVUhvLEE0/kTvf94YcfSupf/fr1ZezYsXLiiSeW1J5G2SGA8FqW6y+++EJatWpVMCpmO5hN2imnnJKbgRBkw3pejJrNkWveEF5LM6bzewsJrG6wwmmy8SVv8eLFctBBB8ncuXMDOdHx+P79+8utt94a6D4aZ4sAwmtxvv0Oydwa8qWXXioPPvigxT1wLzQd6hk8eLCsWbOm5OB1HLdFixa5jcw7duxY8n00zC4BhNfy3OtE+3Xr1vlGqdsLfvjhh5b3wv7w9GXZ5MmTA42h6y5ixx57rLzwwgv2d5AIrSKA8FqVDu9gGjZsKMuWLfONtEmTJr5HCjnQvcRCfOedd6R79+6B2eneCtdcc43osepcECiHAMJbDrUE7mndurXMmTPH17NuuLN27doEInPP5UUXXSRjxoyR9evXlxy8Die0a9dOdA8NXdTCBYEwBBDeMPQM33vCCSfkPvh+F7ua+Sdk8+bN0r59e5k5c2bRubfbWtEvtB49eohOJeOCQFQEEN6oSBqyc9NNN8ltt91W0BvTzf6H55FHHpGrrrqq5Lm3W+/U4Zs777xTLrjgAkOZxU2WCCC8DmZbpzi1bNmyYOS6n68+AWf1Oumkk3K/DoLsa6xT+HSK3nvvvZdpdlmtGZP9RnhN0o7YV7G5vrrl4EsvvRSxV3vNff/993LIIYcEnntbq1Yt0SXb+nTMBQETBBBeE5Rj9FFsrq+61hdDKkhp3WJy0KBBcu+998rq1asDkdZTnR9++GHp1q1boPtoDIGwBBDesAQtuL/YXN9tQ1QRbtu2be4lk+vXEUcckfsy0RdnpV46/KLHpr/55pul3kI7CEROAOGNHGkyBosdpugXVdOmTWXBggXJBF2iV53D/MADD+TGbD///HNZsmRJoJVl6qZevXpy2WWX5V6YcUEgaQIIb9IZiNB/sbm+xVzpwoDnn3/e+LLXadOm5X7y69ljuun78uXLc3Nsw87O0Kd7fQmpWzKyr0Wx7PN3kwQQXpO0Dfg69dRTcztphd27t3bt2jJkyBD53e9+FzrqCRMm5PYa/uCDD2ThwoW5sVidbRBWWP0C06W8xx13nOjZZ1wQsJEAwmtjViKKqVevXrkn2EJ7PZTiSoXs4osvlvvvv9+z+YgRI3JiP2PGDFm0aFFuBZ2Ou8YlrH4x69LqgQMHspS3lKTSJlECCG+i+M05HzBgQO6ImlWrVoVyqrMoVFSDvNAK5bDIzTqlbo899pC33npLVHi5IOACAYTXhSxFHKP+7O/bt2/BjXcidhmpORVbncmhG9zoCQ9cEHCNAMLrWsYijldXwemWiDqzwfTQgFdX9IWYPlXrGLMu29Wj0Lt06SK697BuMs4FgTQQQHjTkMWI+jB//nzRjXimT58ey1CCiqrOo9WnVZ3+prMwOnXqlNsPYffdd4+oF5iBgP0EEF77c5RIhN9++62ceeaZuYUGpex3oKKq/+huXjotTU9k0NMY1IYuWOCCAAT+RwDhpRqKEtDzx66++urc1og1atQQXWqrJ1+cfvrpuS0TuSAAgWAEEN5gvGgNAQhAIDQBhDc0QgxAAAIQCEYA4Q3Gi9YQgAAEQhNAeEMjxAAEIACBYAQQ3mC8aA0BCEAgNAGENzRCDEAAAhAIRgDhDcaL1hCAAARCE0B4QyPEAAQgAIFgBBDeYLxoDQEIQCA0AYQ3NEIMQAACEAhGAOENxovWEIAABEITQHhDI8QABCAAgWAEEN5gvGgNAQhAIDQBhDc0QgxAAAIQCEYA4Q3Gi9YQgAAEQhNAeEMjxAAEIACBYAQQ3mC8aA0BCEAgNAGENzRCDEAAAhAIRgDhDcaL1hCAAARCE0B4QyPEAAQgAIFgBBDeYLxoDQEIQCA0AYQ3NEIMQAACEAhGAOENxovWEIAABEITQHhDI8QABCAAgWAEEN5gvGgNAQhAIDQBhDc0QgxAAAIQCEYA4Q3Gi9YQgAAEQhNAeEMjxAAEIACBYAQQ3mC8aA0BCEAgNAGENzRCDEAAAhAIRgDhDcaL1hCAAARCE0B4QyPEAAQgAIFgBBDeYLxoDQEIQCA0AYQ3NEIMQAACEAhGAOENxovWEIAABEITQHhDI8QABCAAgWAEEN5gvGgNAQhAIDQBhDc0QgxAAAIQCEbg/wAoitnJX40nvAAAAABJRU5ErkJggg==','2025-01-09 09:16:59','2025-01-09 09:29:42'),('e7d77285-64cc-11f0-a948-d8bbc114656c','b607a245-903d-4297-9ded-f7b3c24fa67a','67c1fb58-b0c7-11ef-aeb2-d8bbc114656c','2441784a-e99e-49a4-a7d7-666b12e68adb',_binary 'data:image/png;base64,iVBORw0KGgoAAAANSUhEUgAAAV4AAAHCCAYAAACnj6EiAAAAAXNSR0IArs4c6QAAIABJREFUeF7tnXn0VVX5/7cTKDIFJigOqaAMCSsRkcSviWPlnIRlVKapSzPnIYc0XZqzlC5daqZSGk451TI1TFMUcYQcQETAAVERREBk9Lc2/m5dPp9z7n72Ofvsu/c5r/Mf3Gc/w+vZ5333Z98zrPHFF198oTggAAEIQMAbgTUQXm+sCQQBCEBgFQGEl4kAAQhAwDMBhNczcMJBAAIQQHiZAxCAAAQ8E0B4PQMnHAQgAAGElzkAAQhAwDMBhNczcMJBAAIQQHiZAxCAAAQ8E0B4PQMnHAQgAAGElzkAAQhAwDMBhNczcMJBAAIQQHiZAxCAAAQ8E0B4PQMnHAQgAAGElzkAAQhAwDMBhNczcMJBAAIQQHiZAxCAAAQ8E0B4PQMnHAQgAAGElzkAAQhAwDMBhNczcMJBAAIQQHiZAxCAAAQ8E0B4PQMnHAQgAAGElzkAAQhAwDMBhNczcMJBAAIQQHiZAxCAAAQ8E0B4PQMnHAQgAAGElzkAAQhAwDMBhNczcMJBAAIQQHiZAxCAAAQ8E0B4PQMnHAQgAAGElzkAAQhAwDMBhNczcMJBAAIQQHiZAxCAAAQ8E0B4PQMnHAQgAAGElzkAAQhAwDMBhNczcMJBAAIQQHiZAxCAAAQ8E0B4PQMnHAQgAAGElzkAAQhAwDMBhNczcMJBAAIQQHiZAxCAAAQ8E0B4PQMnHAQgAAGElzkAAQhAwDMBhNczcMJBAAIQQHiZAxCAAAQ8E0B4PQMnHAQgAAGElzkAAQhAwDMBhNczcMJBAAIQQHiZAxCAAAQ8E0B4PQMnHAQgAAGElzkAAQhAwDMBhNczcMJBAAIQQHiZAxCAAAQ8E0B4PQMnHAQgAAGElzkAAQhAwDMBhNczcMJBAAIQQHiZAxCAAAQ8E0B4PQMnHAQgAAGElzkAAQhAwDMBhNczcMJBAAIQQHiZAxCAAAQ8E0B4PQMnHAQgAAGElzkAAQhAwDMBhNczcMJBAAIQQHiZAxCAAAQ8E0B4PQMnHAQgAAGElzkAAQhAwDMBhNczcMJBAAIQQHiZAxCAAAQ8E0B4PQMnHAQgAAGElzkAAQhAwDMBhNczcMJBAAIQQHiZAxCAAAQ8E0B4PQMnHAQgAAGElzkAAQhAwDMBhNczcMLFR2CNNdYQJf3FF1+I7DCCAMLLHICAgQDCyxRxTQDhdU0Uf6UjgPCWrqVNLwjhbXoLSCB0Aghv6B2KLz+EN76ekbFnAgivZ+AVCIfwVqDJlJiPAMKbjx+jWxNAeJkVEODHNeaAZwIIr2fghIuPACve+HoWesYIb+gdIr+mE0B4m96C0iWA8JaupRTkmgDC65oo/hBe5gAE2ONlDngmgPB6Bk64+Aiw4o2vZ6FnjPCG3iHyazoBhLfpLShdAghv6VpKQa4JILyuieIP4WUOQIA9XuaAZwIIr2fghIuPACve+HoWesYIb+gdIr+mE0B4m96C0iWA8JaupRTkmgDC65oo/hBe5gAE2ONlDngmgPB6Bk64+Aiw4o2vZ6FnjPCG3iHyazoBhLfpLShdAghv6VpKQa4JILyuieIP4WUOQIA9XuaAZwIIr2fghIuPACve+HoWesYIb+gdIr+mE0B4m96C0iWA8JaupRTkmgDC65oo/hBe5gAE2ONlDngmgPB6Bk64+Aiw4o2vZ6FnjPCG3iHyazoBqfBOnjxZbbPNNk3PlwTCJ4Dwht8jMmwyAanwjho1Sh1//PFNzpbwMRBAeGPoEjk2lYBUeEeOHKlGjx7d1FwJHgcBhDeOPpFlEwlIhXfo0KHqySefbGKmhI6FAMIbS6fIs2kEpMLbs2dPNXXq1KblSeB4CCC88fSKTJtEYM0111RffPGFMXrXrl3VnDlzjHYYQADhZQ5AwEBgnXXWUcuXLzdyateunVq0aJHRDgMIILzMAQgYCGhBXbx4sZGTFuilS5ca7TCAAMLLHICAgUCXLl3UvHnzjJz0XvDKlSuNdhhAAOFlDkDAQGCLLbZQM2bMEHGS7AWLHGFUagIIb6nbS3EuCOywww7queeeE7lCeEWYKm+E8FZ+CgDARGD48OHq7rvvNpmt+hzhFWGqvBHCW/kpAAATgfPPP1+de+65JjOEV0QII00A4WUeQMBAYPz48WrIkCEiTqx4RZgqb4TwVn4KAEBCQHr32sSJE1X//v0lLrGpMAGEt8LNp3Q5AanwXnzxxer000+XO8aykgQQ3kq2naJtCUiFd8SIEWrMmDG27rGvGAGEt2INp9xsBKTPaxg4cKB6/vnnswVhVGUIILyVaTWF5iHQpk0btWzZMqOLTTbZRL3zzjtGOwyqTQDhrXb/qV5IoEOHDmrhwoVG644dO6r58+cb7TCoNgGEt9r9p3ohgR49eqhZs2YZrXlQjhERBlzHyxyAgIzAgAED1KRJk4zGPCjHiAgDhJc5AAEZgf3331898MADImNuohBhqrQRWw2Vbj/FSwmcffbZ6sILLxSZI7wiTJU2Qngr3X6KlxJ47LHH1G677SYyR3hFmCpthPBWuv0ULyWgX/2jfziTHAivhFK1bRDeavef6i0ISO9eQ3gtoFbUFOGtaOMp254AwmvPjBHJBBBeZgYEhAQQXiEozIwEEF4jIgwg8CUBhJeZ4IoAwuuKJH5KTwDhLX2LvRWI8HpDTaDYCSC8sXcwnPwR3nB6QSaBE0B4A29QROkhvIE1i5M7sIbUpUNvwu1NbJkhvIF1jJM7sIYgvOE2JOLMEN6AmvfUU0+pnXfeWZQRF+mLMDk14kvRKc5KO0N4A2r/cccdp6655hpRRgivCJNTI4TXKc5KO0N4A2r/0KFD1bhx40QZIbwiTE6NEF6nOCvtDOENqP1f+9rX1MyZM0UZIbwiTE6NEF6nOCvtDOENqP2dOnVSn376qSgjhFeEyakRwusUZ6WdIbwBtb9t27Zq6dKloowQXhEmp0YIr1OclXaG8AbU/rXWWkutXLlSlBHCK8Lk1AjhdYqz0s4Q3oDaLz2x11xzTbVixYqAMq9GKtL+8KVYjfmQp0qENw89x2OlJ3abNm3UkiVLHEfHHQQg4IsAwuuLtCCOVHg7duyo5s+fL/CICQQgECIBhDegrkiFV192Nn369IAyJxUIQMCGAMJrQ6tgW6nw7rTTTkrfXswBAQjESQDhDahvUuE9/vjj1ahRowLKnFQgAAEbAgivDa2CbaXCO2HCBDVo0KCCs8E9BCBQFAGEtyiyGfxKhZfLlTLAZQgEAiKA8IbUjDXWEGWD8IowYQSBYAkgvAG1hhVvQM0gFQgUSADhLRCurWuE15YY9hCIkwDCG1DfEN6AmkEqECiQAMJbIFxb1wivLTHsIRAnAYQ3oL4hvAE1g1QgUCABhLdAuLauEV5bYthDIE4CCG9AfUN4A2oGqUCgQAIIb4FwbV0jvLbEsIdAnAQQ3oD6hvAG1AxSgUCBBBDeAuHaukZ4bYlhD4E4CSC8AfUN4Q2oGU1I5bbbblMzZ85Uw4cPV7169WpCBoT0RQDh9UVaEAfhFUAqscngwYOVfvKcPvr27av2339/ddxxx6mNNtqoxFVXszSEN6C+S4X3kUceUXvssUdAmZNKXgJvv/222nzzzVu50SvgzTbbLK97xgdGAOENqCFS4T3jjDPUb3/724AyJ5W8BC677DJ12mmnreZGr4DHjx+f1zXjAySA8AbUFKnwfve731V/+9vfAsqcVPIS2GGHHdRzzz23mpvLL79cnXzyyXldMz5AAghvQE2RCu+2226rJk2aFFDmpJKHwGuvvab69evXyoXefth0003zuGZsoAQQ3oAaIxXe7t27q/fffz+gzEklD4Gvf/3r6tVXX13NxZAhQ9TTTz+dxy1jAyaA8AbUnLXWWkutXLnSmFH79u3VggULjHYYhE/ghhtuUEcddVSrRK+88kp14oknhl8AGWYigPBmwlbMoDZt2qhly5YZna+zzjpq6dKlRjsMwiawfPlytf7667fq5Zprrqnmz5+v9BcsRzkJILwB9bVjx46ilaw+MVesWBFQ5qSShcDee++tHn744VZDTzjhBHXVVVdlccmYSAggvAE1Sl8oP3v2bFFGvPBShKmpRuuuu65asmSJdQ701hpZdAMQ3oBapq9WeOWVV0QZcXKKMDXNSPpDaVKCeqxkr79pxRE4NwGENzdCdw723Xdf8fW5CK877q495RHdWi5673fhwoWuU8NfIAQQ3kAaodPQd6RdcskloowQXhEmr0b61t533nnHWcxBgwb999kNzpziKAgCCG8QbfgyiX/84x/q29/+tigjhFeEyZuRi1VuUrKfffaZWm+99bzVQSA/BBBeP5xFUbSY6isWJMdDDz2k9K/iHM0nUJTo1irjS7b5PXadAcLrmmhOf9KT+Oijj1bXXXddzmgMz0PgrLPOUhdddJHRxY033qiOOOIIdf/996sDDjiglf0DDzyg9ttvP6MfbYAIizAFb4TwBtYiveKVnFz6oSrPPvtsYNlXJx3pF2R9L5NuDc5KTO8n60dGcsRJAOENrG/6rjR9R5Pp0Nf8zpo1y2TG5wUQyCK6Og3pLeHSlHlYkpRUeHYIb2A96dSpk/r000+NWekfXPQPLxz+CEydOlVtvfXWxoBJD7i599571UEHHWQca2sg+evI1if2xRNAeItnbBVhq622Um+99ZZxDLcNGxE5NfjKV76iPvnkE6PPNCHs06ePmjx5snG8rYG+O27x4sW2w7BvMgGEt8kNaBl+r732UvrVPpKD1Y6EUn4b6cOL0vrRoUMH65shfvKTn6hbb71VlDzzQIQpKCOEN6h2KPWb3/xGnXfeeaKsOOFEmHIZPfjgg8YrDrp06aI+/vjjxDjS/WAttLfccstqPt59913xg9CZC7na7H0wwusdeeOAb775pvjV3vPmzVOdO3cOrIJypWMSzjTB00K8wQYbGGFosdWim3acdNJJoieV8bYKI+qgDBDeoNrxZTKmk72W8qWXXqpOPfXUACsoR0qmPqSJrv5xTfKSSukqdbvttlMvvfSSEarUn9ERBoUTQHgLR2wfwHTC1zzus88+Sv8pzOGegKkHaSInvQ77+uuvV0ceeaQ4cf1Q9EWLFjW0v+CCC9TZZ58t9olh8wggvM1jnxpZer2nvrRpypQpAVYQd0pZRdc0rp5KltWpxH8Wv3F3K87sEd4A+6av0f3888+Nmen9Xb3Py+GOgEnc0oTNNK4+ww033FB98MEHmZI2xdlyyy3VtGnTMvlmkD8CCK8/1uJI+i3CkhOTd6+JkYoMd9xxx4a3YSeJrr6iwfbLz3aboWXyJvFl1Stqd1ONEN6m4k8OPnDgQPXiiy8aM+NNBUZEYgN9t6C+azDtmDRpktK36LZcuX700UfiGDXDvMJoEt61115b9NJU68QZ4IwAwusMpTtHhx12WKtrOtO85z2J3WUdt6dGYpa2NWASwCQi3bp1E79XL42ovrNR3+HY6GBehD0fEd4A+3P33Xer4cOHizLjBBNhamhkEtAkxqYxejvhqKOOahU37zZDzaEpvrZjbuSfG0V5QHiLIpvDr80D0fUNF6bVT45USj/UJGBJ4tW1a1c1d+7cVDZ6zFe/+lU1Z86cVjauxFDyA6yrWKWfBE0oEOFtAnRJSJMg1Hz86U9/Uj/60Y8kLrFpQcDEOMsVDLUxSb7zXM2Q1DxT/qx6w53yCG+gvZFeiP+rX/1K9BYESZmNVtplWz3py66mT5/ecNVqK3Y1RldffbX65S9/2Wr4H/7wB3X44YdLWiGykQjvaaedJn6BqigoRk4IILxOMLp3In0g+ve//311xx13iBOQnKwSZ7ELcSMOabXp66bnz5+fiKf++cgdO3ZUCxYsKGybod6xpJ+x90oyH2OzQXgD7dj6668vetD5N7/5TTVu3LjEKiQnpavyYzq5G3HRl5SlPXdXwlNzSLLT+8JJe755+UtzyhuH8W4JILxueTrzlvbjTMsAvXr1Um+88cZq/7106VLVtm1bZ7nYOtLC1eiaWFt/Lu1NQpVlX1eS38iRI9Xo0aMlplY2PXr0EL0CKqYvRisAkRojvIE2TvomCpfXmBaFIpSTvlmiq7kWycBUV9Hxi5o3ZfaL8AbaXdPtq7W09VOrkvYTJSejz9KLFB5JHSYeSfnp52Xovdu8R9F3GJpq0/n3799fTZw4MW8pjHdEAOF1BNK1mwMPPFDdd999Rrdpz2uQnIxJzleuXNlqjzKrr5b+mym+tj+muapZM9B/vejrrYs8JPk2k3+RtcfoG+ENtGsnn3yyuvLKK43Zpa2mbIXGGKjOQHKSp/lrxslvwyJPbWk1P/bYY2rXXXe1QWxtK8m7GeytC6nIAIQ30EbfdNNN6ogjjhBlZ7qltegTTnLS1xdSdD4toaXlV/+mZtNDcho1Iu1KhtoYH/XutttuSgu86fCRiykHPlcK4Q10FvznP/9ZtS8nOUI6maQi7CtnyWpXmrNJSNP8hFCrKXfJPMPGHQGE1x1L556kguDrxLYpUJK7j7zT8tCX4U2dOtWmpFW29TdK1A/W70TT70ZLOvTr4ZcsWWIdy3aAhDlvLbGlWow9wlsMVydeJSeSDuRDwLIUpAVn2bJlDYeOGTNGjRgxIot74xgpP6OjOoM01n379lWvv/56qitfPZLU7CsXG65Vs0V4A+645CQKWXh1bscee6y69tprG1L+xS9+ofTzDVwfUn7SuI0Ey/SePF9iJ6nZVy5SrlW0Q3gD7rrkJApdeHV+zz77rNLXJZsOl4IgZWfKqfZ52hZD7XNTPJe1Ncp5+fLlSl9iaDp85WPKo6qfI7wBd950MtdSj+UkktTjopZvfetb6oknnnDa2UZ5nXjiiWrUqFEN47moS1qQL87SfLBrTQDhDXhWSE6gGFa89YglNeUVKUmMlm3XD7H5+OOPE2eDKZ8OHTqohQsXNpxJvn5g00lI6t9iiy2UfoUQR3MIILzN4S6KKjmBYhNeqTCYxC4NoPSpbvXjG12Hu+6666rFixc37FdofQotH9Fkr5gRwhtww4s8gYr0LUEqiZ9FfCV+a/nVi2qea3ClMbPUI2HZ0kaaj76crmfPnllCMCYnAYQ3J8Aih0tPoCwndJG+pUwkOdjUJvFXy23jjTdW77333qp/nnrqqeryyy/PtM2gV8Pt2rUTlWxTi8hhAyMpC5855a2pTOMR3oC7WeTJU6RvG6SmPGyEweSrltdPf/pTdfPNN/83zbRxJ5xwgrrqqqsalrPnnnuqRx99VFSyTS0ihwhvXkxNG4/wNg29ObBUSLKc0EX6Nle2uoUpF0l9Jh+1iBMmTFCDBg1aLYE82wz6ge/6OQ+SQz+cXj9q0sch5dGtWzc1e/ZsHykRo44AwlvR6SA9MSWi5wKhKR9THqbxOsckH/rX/RkzZmTaZtCDkl5Kqv9PP14z6TDV4YKl9iHhUYvlKydXtZXBD8Jbhi5mqEF6Yvo8KRvl1CgPSS1p4/OsdtMErnv37qmrSF88JUwQ3gwnjqMhCK8jkLG5kZ6YvoSixs9WfCV1ZBFtad1J8Y866ih1/fXXs+KN7aTwmC/C6xF2SKEkgpX253mRdZjyqhdEk60p/7SH+Gi/aVsF9bUfc8wx6rrrrmuFo9F1wVJBz8tYwoYVb17K2ccjvNnZRT1SemL6Eop6mJJVryR/U+55txn0lsIHH3wQvfB27NhRzZ8/P+r5HFvyCG9sHXOUr0S4TCtGR6kkupHml5aDSXQbvXHCNLYWM+2JZLGteJvZ5yLnUMi+Ed6Qu1NgblJhk4qQ61Sl+SXFleSc5n+jjTZSs2bNEpWT5EPfsqyf25B3NS1KwGBkw1DCzEVO+PiSAMJb0ZkgPSmbeUJKc2zZQknOLoQxycewYcPU2LFjEd6KnlfSshFeKamS2UlFTSJiRaKR5lnLQZKvFsbdd989MW3JeD3w7rvvVsOHD2/lY+bMmWqzzTZDeIucFCXwjfCWoIlZSpAKmlSIsuQgGSPN00Z403xKbhGuxendu7eaMmVKqxJqvFysqCV8GtnYsGt2n/PWGtt4hDe2jjnKV3pShnBCus7VhSjqJ5slvcCykfDqN0MsXbrUUQfNbqTctCeftzObMy+/BcJb/h4nVig9KZstvNI8dZGSXPVjEKdNm5Zrm0EPTrpVuP7636S89YPWu3Tp4m3G2bCT8vOWfMkDIbwlb3BaedKTUiJmRSGU5mgjGmk+33//faWvy5UejYT3lltuUYcddljqNoQ0Rl47G342DPPmxXiuaqjsHJCelM0SXml+tQZK83SxzWBa8SaJcjOErSiGlT1pHBbOitchzJhcSU9KqaC5rF2aW8uYplz1Hqt+C2/Lo36LQFpHoxWvK3GX5mL7V42+8WPFihVNX5HnrS/m8QhvzN3LkbtU3ExiliOFxKGdO3fOdftqkQ/EqU84BuF98803Va9evVpx1pfB3XXXXa3+/6STTlJXXHGF65biL4EAwlvRaRGi8I4fP14NGTIkV0cQ3tXxSftc2z5JWgnnagiDEwkgvBWdGNIT0teKV8fRq0gXR1rOLrcAYljxapbSPte4++q3iz7H7APhjbl7OXKXnpC+TkRpPtKSk/JGeM30fPXbnEm5LRDecvc3tTqp0Pk4EaW52LQK4f2Sli1bH/226WNZbRHesnbWUJf0hCz6RDTloeOn2XzyySdK/xiXdrTMnRXv/0i1b99+1VPUWh5F97uip1urshHeis4Ek+D52PMz5WB67oGkdfVCUjXh7dq1q5o7d24iprQvtN12203985//lKDFJgcBhDcHvJiHmkSvaOGVxs/LuMrCa/qiMX2elz3j0wkgvBWdHVLhK+pPT2l8F+0xrZyz1Jh2VUMjX1ni5KnfJKymz/PEZmxjAghvRWeIVPiKEAtpbJetabRXnKVGW+HNEiNv/SZhNX2eNz7jWfEyB1oQkIpfEYIhje2yaT6Et1G+RXBsFE8iqhIblz3A1/8IsOKt4Gx46qmn1M477yyq3LVg6HeSffbZZ6LYEqNGglo//tVXX1X9+vVLdJmlxrQH4SQFyOJfUjvCm5dS88YjvM1j37TIv/71r9UFF1wgiu9aNFysdqWXibUsUMdOqidLjWUV3vXWW8/pF6NoklXQCOGtYNMPOOAAdf/994sqzyJKaY532mkn9fTTT4viphnZ3BjR0kebNm0S3wCRpUap8NbeOpyraMvBaV9uHTp0UPq19rUjyW7HHXdUzzzzjGVEzG0JILy2xEpgP3DgQPXiiy+KKskiSmmOi1jt6lh5/WapUSq8WXyLGtPASLJ3q7949Rdwy2P+/PmqY8eOeVNgvIEAwlvBKbL55purt99+W1S5K+HIK461ZPOseG1W0SY4sQvvxhtvrPRbN1oervpt4lf1zxHeCs4A/d6vefPmiSp3cSLaiK7t1QfdunVTH374oagW38Lrgp1tYQMGDFCTJk1KHFafj34Y+sqVKxFeW8CO7BFeRyBjctOuXTu1ePFiUcp5xUMqurU4kydPVn369DEKR81A6r9RsVlqlKx4s/gVNSXnNoMeLtmOyJsL49MJILwVnB1pr8BJQpFHPKSiWB8jbUzfvn2VviSs/vjggw9SX1ApvcxM+3vggQfUvvvuazUTTMKrvzxee+01K58ujKWCKrVzkRM+WhNAeCs4K0yiUY+kSOG12a+1sdX52wjvsGHD1NixY61mgunLKw83q0RaGEsFVWqXJxfGsuJlDtQRKFp4H330UbXnnnsambcUp0Y/+tkIb832mGOOUdddd50xjw033FDp1bPNse6666olS5akDmmG8KaJ6bHHHquuueaa1XJFeG267d6WFa97psF7lG4BaLukH2BMBUr82wjp66+/rnr37i0Sjtpqt2YsySXLTQP6kqsFCxYkomiG6OpEbMTUxtbUbz63J4Dw2jOLfoREjHSRemVs+/JDqW8b4bWxffzxx9Uuu+zy3x5J8snyBdPIb6zCm6Xf0Z8MTSoA4W0S+GaGlYiRzk/vYy5dulScqtSvjZC2XME2Wtkl2Zrsa8XZimVoK8a0Pee1115bLVu2rFUPk/LfaKON1KxZs8T9xjA7AYQ3O7toR0oFUl92tmjRIlGdUp+24thSEBvFSctXkpuN8Oovo7Zt20a7zZD2ZaT3gfV+MEfxBBDe4hkHF0EiRDpp/eqYOXPmGPOX+tOO0m5JlawgTXHSxPP2229Xhx56aMM6bIQ39m2GXXfdVektmZaHDQPjpMCgIQGEt4ITxCRgNST6KoMZM2Y0nkBrrGFFMO3kLlJ4JdsNNqITu/Cm3UBjw8Cq6Ri33ur5AtqVmxZS4R08eLAaP368M+GdOnWq6tmzZ6K/RsL71ltvqa222irXitVUs/Q0cOXH5aSTfGnVx7O1d5krvr4kwIq3gjPBJB41JIcccoj6y1/+4kx4G4lbIzEw5etCNF340KCkflxOO1shtbV3mSu+EN7KzgGTkNXAXHbZZeqUU05J5ST1IxGkJF/6QS6my9lshC7vFoGkXv1qdP2KdJ+HrZDa2vuspSqxWPFWpdN1dUoERJvry5D05Uhph9SPSXiHDh2qxo0bZ90JG9HVzu+77z514IEHJsYx+ZLWes4556jzzz/fupasA9Ly6t+/v5o4cWIrt6NGjVInnnhiJgZZc2RcawIIb8VmxU033aSOOOIIUdWuxEi/+aHR7bVSUatP2pSb7ZfFbbfdpn74wx8mDrPJ76CDDlL33HOPiK8LI9vVa5r9Nttso/ST4Tj8EEB4/XAOJsp3vvMd9dBDD4nyybInm+TYJJI2wqb9t7w7TVTM/zey3W7Ql9TNnTtXHGLQoEFqwoQJYvs8hra16Ev5OnfuzGo3D3RHYxFeRyBjcbPllluq6dOni9J1IbySu99shFc/R1g/oCbrYStWNrnpnPTVF2+++WbW9KzGpeWWdgdamr3pLxKrpDAWEUB4RZjKY6RfeLhw4UJRQS6E17Ta1Yn6RmiKAAATbElEQVRIxU3bZXloT32xplj1+ZpEOunzLE86EzWjhZEptySfttsSWfJijIwAwivjVBor/WOZ6UqBWrG2Nzu0hCRZ7doIr0TETY2SCq/ELsmm5Zt8Tflk+bzRG0TSGDV6jKULrlnqqPIYhLdi3TcJSj2OvMIrPaElOUl9mdppiqXjSGzSvjD0Mxw+//xzUxq5Pme1mwtfEIMR3iDa4C8Jk6jUMmm0WpX4kAqQxJcr0dW1mbZaNttss4ZvYDZtRehrj5cvX15YQ7OI7rbbbqteeeWVxJxcsi2s6BI6RnhL2NRGJUmETo/v1KmT+uSTT1q5ko6XnNASXxI/ti2UxE3y2TKXJD8u9qHT6tGvJ9p9990TP9ZvF3755ZcTP0urN8u75mxZY59MAOGt2MyQik6vXr3UG2+8kUl4JatdSR5FiG7aFoFpGiRdKeBbeLOsdg8//HD1xz/+kdWuqcGeP0d4PQNvdjiJ4Okchw8fru68885MwmsSTEkOO+20k3rqqacKwSWJ3zJwUk0+rxJo9KNolqtP9G3N+vZmjuYQQHibw71pUaWio+++0ndhtTxM4/Wv5/pa27TDNL42ziTeeQBKczDl4lN4s6x29ZPlhgwZwmo3z2QpaCzCWxDYEN3qN+7qN+9KjqxXNGRZfSXlE4rwNsojbRXqOvcsottoS8XXtcaSeVZVG4S3Qp13cbuwabWYVbAlf9q7apWpBtNKt/a53stOeiedS+Ft9FCbESNGqDFjxlj/deEyP1c9qZofhLdCHXdxu3CW1ZdU6OpbUaQ4SPKR3Eab9op3l7ln4a056jcGp+1L5737r0KnTGGlIryFoQ3PsekaVonw2QqBROR8bzXoa21N4iMRzx49eiS+lVcyVjI7bFnX+/S5/yypBZvVCSC8FZoRRd4urFdYLW9Fziq6uiWuxCupvZK8JPG322479dJLL7UKIRkrmXZpeZpu0mj0RDVXuUnyxyadAMJbodkhEZxG+5s2KzBJrEa35xYlEJK8pMKvr/q49957CxFeG9YtE0gb+8wzz6gdd9yxQjM+3FIR3nB74zwzqeik3S4sFQNJnJqw+vyTWJKXZLulZvO73/1OnXDCCc6Fd9iwYepf//pXYv9NX0h77bWXeuSRRzKNdT7hcJhKAOGt0OSQCo9+WPa8efNakZGIpCRGvXjcfPPN6mc/+5lz8ap32KdPn0xvVzCJnI6RVK9kXKNpJ/2Cs9lGOfPMM9WFF15YodkedqkIb9j9cZqdRBR1wK233lpNmTJltdhaTPQ+btJhWr2aVpESQc8KQlpzo7psRVJfAnb88cdnSjmP6KZdZaETyftlkKkYBrHiZQ7IHzie9Fp3kyBIBM72Gt+8YiHJqdG8kMRPimG6vtZWyLV9+/bt1YIFCxpO47R6d9hhB/Xss89yCgREgBVvQM0oOhWpEOk9wj322GO1dKRj02rIckebRPjS4uXNV/t94YUXlL5ywVYoBw4cqJ5//nnrdpq+3GzzqNnn4WhdBANEBBBeEab4jU499VR1+eWXiwppeaJ269ZNffjhh6KxWf5kd73V4EJ0paKVFGuTTTZR77zzjhWvPKJ70UUXqbPOOisxHqJr1QZvxgivN9TNDdS7d+9W+7bS1WkeIZOc+C6FV5Krzqlfv37qtddeMzbFlH9SPNvX/+i75JYtW5aaS5YcpF8cRgAYFEIA4S0Ea3hO9R7hokWLRIm1PNElYpZlpVsb40J4t99++1VbA6ajvjZJXVlET3K7cS3PDTbYQH388ceZRVe/MSNtdW3K3cSKz4sjgPAWxzYoz5LbZHXCWozqb6eViFMe0dVj9UPXk16JLhUOaY5ZvlBMOSTFNt1ZVuOlXwX/1ltvpc4TyZZFWu16e2j27NlBzUGS+R8BhLcis0EqTi2fpysdV4/RJFZJyLOueiX5pYmQZOzBBx+s7rrrrtRZkuSj5ZdX0mD946XpQeQmjnn2hSsy7YMtE+ENtjVuE5OIjI64+eabqxkzZvw3uHScHmASikYVSYXXJh9TTlJfRVyRYYotYZnm47zzzlPnnnuu2wmEN6cEEF6nOMN1ZjrRa5kfeuih6s9//rOV8EpEwkRGmp/Jj83KWxrTtfCa4kp4stq1mQnh2SK84fXEeUY33nijOvLII0V+9Q89Xbp0sRJe08pSEtgkRhIfNqKrbaUxGwlh2tUiRx99tNJv/Gh5mGJKRFdfJ/ziiy8mIpGMt2WJvXsCCK97psF51C+OfPrpp0V5ZfkBKjThtREfkxBKapPu85piSfNO89OuXTvxlSuiyYBRYQQQ3sLQhuO40fNZW2ZpOvmle7FZqjcJk8SnKX/bFWhW4W05zlSbNO+sbxuWsMPGHwGE1x/rpkXSj3lcvny5KL5JAIoUXps//2vF6NcZTZs2TVRbkpFJECXCm/ZwGv1Xhn7LrymGiXktb33Dh77xI+n48Y9/rG699dbMHBjolwDC65d3U6KZTvxaUno11egOqkbCKBUPEwBJrq5i6VxMd41JhDeNi/ad9DLMegY2tfCDmmn2xPM5whtPrzJnKhEz7VxvScyZM6dhnKJXvEkiZiNOWSCZ+Ejim3wk5SXxW/+l2PLVSrXPbPxk4cMY9wQQXvdMg/MoFYWdd95Z/fvf/2668PoGaOIjETab7RzpKrrGoVF+kr9SfPMknpkAwmtmFLXFpEmT1IABA0Q1jB49Wo0cORLhbUFAIrxjxoxRP/jBD0Sc9ZPiLr30UqOtfhi9vlyt0SHJzRgIA+8EEF7vyP0GTHshY9Y/fddff3312WefJRYRqwh84xvfUC+//HJugTOtnHWAwYMHq/HjxxsnwbHHHquuvfbahnb6WcGSBwMZg2HgnQDC6x2534A9evRQs2bNEgWVCqePfV5Rwg6NTKJpYmMar1Pt3r27ev/9941Zb7rppurdd99taLfxxhur9957z+gLgzAJILxh9sVZVm3btjX+sl4LZhKXmh3C+yUJfcPC4sWLRb2SPipSsld8yimnqMsuu0wUF6MwCSC8YfbFWVaSlZgOpl9kmfarectkqiy899xzj9JPLLM9JF9qkl4tWbJk1SVwHHETQHjj7p8xe8nJrJ3ovduFCxca/WmDNJ/6x6Xbb79d5CNEIymrLLn//ve/V8cdd1zqUElsiXhnyY0x/gkgvP6Ze40oOaF1Qn369BG9CqfK2w15G5cknJIf0XgGQ17y4Y1HeMPridOMpMJ7+umnq4svvlgcu4x3UUlZiSG1MKyteq+++mp1zjnnrHpde/3bPpL87rnnnurhhx/OGpJxgRJAeANtjIu09tlnH/X3v/9d5Mr2z9gyXtTf6AE0Joj1b+445JBD1B133GEaYvx83rx5qnPnzkY7DOIjgPDG1zNxxp06dVKffvqpyN6l8OqAtv5ESXowsl31ptVp66dlabHy89CiUoRAeEvRxuQi9JUKkhPY5oqG+kgmcZHEDg2/qSad7yWXXKJOO+20hqlnXfVyC3BoM6KYfBDeYrgG4VUiIjrRPBfjm2LEJr5p9ehHP86fP9+qryY2LZ1tscUWDd86bBUc46AJILxBtyd7cnqPUa+6JIftD2stfZoEJibxdXmN8ogRI9Sdd94pacGqGyL0jREc1SCA8Ja0zz179hQ/INyFMJrEN5Z9X5fCq2uu97fWWmupvn37Kv3gIo5qE0B4S9p/ya2ntdJdCO/YsWPV7rvvbqT55JNPqqFDhxrtmmXgWnibVQdxwyaA8Ibdn8zZSVag2rnLi/OlMUNe/SK8maccAy0IILwWsGIx1U/A0j+YSY5ddtlFPf744xJTkY2N+IYowAivqM0Y5SSA8OYEGOJwmxsnJk+erLbZZhunZdiKb0gCjPA6nQo4SyGA8JZwahR544QNrhgFGOG16TC2WQkgvFnJBTxOeuOE/pVd+tr3POVmEeBmrILL+PyJPH1jbHEEEN7i2DbNs1ToNttsMzVz5kwveT744INqv/32yxTLxVUXpsB//etf1fe+971UMx85mHLk8/IQQHjL08tVldjcOHHhhReqM8880yuBRu9skybiQgSlX07NWHlLOWAXLwGEN97eJWbu+8aJrPhshM8Uo5EQ543jQuRN+fN59QggvCXrue8bJ1zgyyuOLnJI84HwFkm3ur4R3pL1XipiHTp0ED8y0hciae6+8kF0fZGuXhyEt0Q9f/TRR5V+Y4Hk2HvvvdVDDz0kMfVu06VLF6UfAt7sA+FtdgfKGx/hLVFvt9xySzV9+nRRRR999JHaYIMNRLbNNGrWKhjRbWbXyx8b4S1Rj/V1uaZ3eNXKjVVYXApxrAxKNGUrWwrCW5LWT5kyRfXu3VtUTbdu3dTs2bNFtjEYcbdZDF0ix3oCCG9J5sPgwYPVhAkTRNVcc801Sr9WnAMCEGgOAYS3OdydR43xMjLnEHAIgUgIILyRNKpRmvp5C1p4JUf79u3VggULJKbYQAACBRFAeAsC69PtwQcfrO655x5RyJEjR6rRo0eLbDGCAASKIYDwFsPVq1eb5x8sW7ZM6VeIc0AAAs0jgPA2j72zyNJLrPR2xNKlS53FxREEIJCNAMKbjVswo84++2ylnzImOf7v//5PPfHEExJTbCAAgQIJILwFwvXhumvXrmru3LmiUPpdbN27dxfZYgQBCBRHAOEtjq0Xz23atFF639Z06LdSrFixwmTG5xCAgAcCCK8HyEWFGDdunBo6dKjIvX6hpX6xJQcEINB8Aghv83uQOYPtt99evfDCC6LxjzzyiNpjjz1EthhBAALFEkB4i+VbqHfp3WpsMxTaBpxDwJoAwmuNLIwBeqWrV7ySY8CAAerll1+WmGIDAQh4IIDweoBcRAibbYbHHntM7brrrkWkgU8IQCADAYQ3A7QQhki3GfQzevWzHDggAIFwCCC84fRCnInNNkP//v3VxIkTxb4xhAAEiieA8BbP2HmEQYMGqeeff17kd+zYsWrYsGEiW4wgAAE/BBBeP5ydRtEPuZHcDME2g1PsOIOAMwIIrzOUfhydccYZ6pJLLhEF42oGESaMIOCdAMLrHXm+gD179lTTpk0TOXn44YfFr3sXOcQIAhBwQgDhdYLRnxPpIyDbtm2rPv/8c3+JEQkCEBATQHjFqMIwlArvz3/+c3XDDTeEkTRZQAACqxFAeEs0Ia644gp1/vnnr1rpLlq0iDdNlKi3lFIuAghvufq5qppXX31V9evXr4SVURIEykEA4S1HH6kCAhCIiADCG1GzSBUCECgHAYS3HH2kCghAICICCG9EzSJVCECgHAQQ3nL0kSogAIGICCC8ETWLVCEAgXIQQHjL0UeqgAAEIiKA8EbULFKFAATKQQDhLUcfqQICEIiIAMIbUbNIFQIQKAcBhLccfaQKCEAgIgIIb0TNIlUIQKAcBBDecvSRKiAAgYgIILwRNYtUIQCBchBAeMvRR6qAAAQiIoDwRtQsUoUABMpBAOEtRx+pAgIQiIgAwhtRs0gVAhAoBwGEtxx9pAoIQCAiAghvRM0iVQhAoBwEEN5y9JEqIACBiAggvBE1i1QhAIFyEEB4y9FHqoAABCIigPBG1CxShQAEykEA4S1HH6kCAhCIiADCG1GzSBUCECgHAYS3HH2kCghAICICCG9EzSJVCECgHAQQ3nL0kSogAIGICCC8ETWLVCEAgXIQQHjL0UeqgAAEIiKA8EbULFKFAATKQQDhLUcfqQICEIiIAMIbUbNIFQIQKAcBhLccfaQKCEAgIgIIb0TNIlUIQKAcBBDecvSRKiAAgYgIILwRNYtUIQCBchBAeMvRR6qAAAQiIoDwRtQsUoUABMpBAOEtRx+pAgIQiIgAwhtRs0gVAhAoBwGEtxx9pAoIQCAiAghvRM0iVQhAoBwEEN5y9JEqIACBiAggvBE1i1QhAIFyEEB4y9FHqoAABCIigPBG1CxShQAEykEA4S1HH6kCAhCIiADCG1GzSBUCECgHAYS3HH2kCghAICICCG9EzSJVCECgHAQQ3nL0kSogAIGICCC8ETWLVCEAgXIQQHjL0UeqgAAEIiKA8EbULFKFAATKQQDhLUcfqQICEIiIAMIbUbNIFQIQKAcBhLccfaQKCEAgIgIIb0TNIlUIQKAcBBDecvSRKiAAgYgIILwRNYtUIQCBchBAeMvRR6qAAAQiIoDwRtQsUoUABMpBAOEtRx+pAgIQiIgAwhtRs0gVAhAoBwGEtxx9pAoIQCAiAghvRM0iVQhAoBwEEN5y9JEqIACBiAggvBE1i1QhAIFyEEB4y9FHqoAABCIigPBG1CxShQAEykEA4S1HH6kCAhCIiADCG1GzSBUCECgHAYS3HH2kCghAICICCG9EzSJVCECgHAQQ3nL0kSogAIGICCC8ETWLVCEAgXIQQHjL0UeqgAAEIiKA8EbULFKFAATKQQDhLUcfqQICEIiIAMIbUbNIFQIQKAcBhLccfaQKCEAgIgIIb0TNIlUIQKAcBBDecvSRKiAAgYgIILwRNYtUIQCBchBAeMvRR6qAAAQiIoDwRtQsUoUABMpBAOEtRx+pAgIQiIgAwhtRs0gVAhAoBwGEtxx9pAoIQCAiAghvRM0iVQhAoBwEEN5y9JEqIACBiAggvBE1i1QhAIFyEEB4y9FHqoAABCIigPBG1CxShQAEykHg/wFEPvQFn//u6wAAAABJRU5ErkJggg==','2025-07-19 18:19:27','2025-07-19 18:19:27');
/*!40000 ALTER TABLE `whiteboard_drawings` ENABLE KEYS */;
UNLOCK TABLES;
/*!40103 SET TIME_ZONE=@OLD_TIME_ZONE */;

/*!40101 SET SQL_MODE=@OLD_SQL_MODE */;
/*!40014 SET FOREIGN_KEY_CHECKS=@OLD_FOREIGN_KEY_CHECKS */;
/*!40014 SET UNIQUE_CHECKS=@OLD_UNIQUE_CHECKS */;
/*!40101 SET CHARACTER_SET_CLIENT=@OLD_CHARACTER_SET_CLIENT */;
/*!40101 SET CHARACTER_SET_RESULTS=@OLD_CHARACTER_SET_RESULTS */;
/*!40101 SET COLLATION_CONNECTION=@OLD_COLLATION_CONNECTION */;
/*!40111 SET SQL_NOTES=@OLD_SQL_NOTES */;

-- Dump completed on 2025-07-20  3:50:37
