-- phpMyAdmin SQL Dump
-- version 5.2.1
-- https://www.phpmyadmin.net/
--
-- Host: 127.0.0.1
-- Generation Time: Jan 09, 2025 at 06:21 AM
-- Server version: 10.4.32-MariaDB
-- PHP Version: 8.2.12

SET SQL_MODE = "NO_AUTO_VALUE_ON_ZERO";
START TRANSACTION;
SET time_zone = "+00:00";


/*!40101 SET @OLD_CHARACTER_SET_CLIENT=@@CHARACTER_SET_CLIENT */;
/*!40101 SET @OLD_CHARACTER_SET_RESULTS=@@CHARACTER_SET_RESULTS */;
/*!40101 SET @OLD_COLLATION_CONNECTION=@@COLLATION_CONNECTION */;
/*!40101 SET NAMES utf8mb4 */;

--
-- Database: `coursekori`
--

DELIMITER $$
--
-- Procedures
--
CREATE DEFINER=`root`@`localhost` PROCEDURE `remove_user` (IN `user_id` CHAR(36))   BEGIN
    DELETE FROM `users` WHERE `id` = user_id;
END$$

DELIMITER ;

-- --------------------------------------------------------

--
-- Table structure for table `chapter`
--

CREATE TABLE `chapter` (
  `id` char(36) NOT NULL,
  `course_id` char(36) NOT NULL,
  `title` varchar(191) NOT NULL,
  `video_link` text NOT NULL,
  `text_note` text NOT NULL,
  `order` int(11) NOT NULL,
  `createdAt` timestamp NOT NULL DEFAULT current_timestamp(),
  `updatedAt` timestamp NOT NULL DEFAULT current_timestamp() ON UPDATE current_timestamp(),
  `progress` float DEFAULT NULL
) ENGINE=InnoDB DEFAULT CHARSET=utf8mb4 COLLATE=utf8mb4_general_ci;

--
-- Dumping data for table `chapter`
--

INSERT INTO `chapter` (`id`, `course_id`, `title`, `video_link`, `text_note`, `order`, `createdAt`, `updatedAt`, `progress`) VALUES
('331b857c-0673-492f-8f97-2c620d3f3711', 'e87fef61-cd53-4c84-9c5f-0e2e21e0a090', 'Python Begins', 'https://youtu.be/fLAfa-BQtOQ?si=M4GRND3a2rg5NjGF', '<h3><strong>Python Basics</strong></h3><ol><li><p><strong>Syntax:</strong> Use indentation (spaces) to define code blocks, not braces <code>{}</code>.</p><pre><code class=\"language-python\">if True:\n    print(\"Hello, Python!\")\n</code></pre></li><li><p><strong>Variables:</strong> You don’t need to declare types.</p><pre><code class=\"language-python\">x = 10       # Integer\ny = 3.14     # Float\nname = \"John\" # String\n</code></pre></li><li><p><strong>Comments:</strong> Use <code>#</code> for single-line comments.</p><pre><code class=\"language-python\"># This is a comment\n</code></pre></li></ol><hr><h3><strong>Control Flow</strong></h3><ol><li><p><strong>Conditions:</strong></p><pre><code class=\"language-python\">if x &gt; 5:\n    print(\"x is big!\")\nelif x == 5:\n    print(\"x is 5\")\nelse:\n    print(\"x is small\")\n</code></pre></li><li><p><strong>Loops:</strong></p><ul><li><p><code>for</code> loop: </p><pre><code class=\"language-python\">for i in range(3):\n    print(i)  # Prints 0, 1, 2\n</code></pre></li><li><p><code>while</code> loop: </p><pre><code class=\"language-python\">x = 0\nwhile x &lt; 3:\n    print(x)\n    x += 1\n</code></pre></li></ul></li></ol><hr><h3><strong>Functions</strong></h3><p>Write reusable code with functions.</p><pre><code class=\"language-python\">def greet(name):\n    return f\"Hello, {name}!\"\n\nprint(greet(\"Alice\"))  # Output: Hello, Alice!\n</code></pre><hr><h3><strong>Data Structures</strong></h3><ol><li><p><strong>List:</strong> Stores multiple values.</p><pre><code class=\"language-python\">fruits = [\"apple\", \"banana\", \"cherry\"]\nprint(fruits[1])  # Output: banana\n</code></pre></li><li><p><strong>Dictionary:</strong> Stores key-value pairs.</p><pre><code class=\"language-python\">person = {\"name\": \"Alice\", \"age\": 25}\nprint(person[\"name\"])  # Output: Alice\n</code></pre></li></ol><hr><h3><strong>File Handling</strong></h3><p>Read files easily:</p><pre><code class=\"language-python\">with open(\"file.txt\", \"r\") as file:\n    content = file.read()\n    print(content)\n</code></pre><hr><h3><strong>Error Handling</strong></h3><p>Catch errors with <code>try</code> and <code>except</code>:</p><pre><code class=\"language-python\">try:\n    result = 10 / 0\nexcept ZeroDivisionError:\n    print(\"Cannot divide by zero!\")</code></pre>', 2, '2025-01-09 04:33:21', '2025-01-09 04:33:21', NULL),
('3ff20b5b-1adf-4b3f-a897-dfabff6eb304', '3e9ebee8-92c1-457d-a6e5-356dd214b5c0', 'Chapter 2: The Evolution of Eminem\'s Legacy', 'https://www.youtube.com/watch?v=lKJ3gG87Wns', '<h3>Chapter 2: <strong>The Evolution of Eminem\'s Legacy</strong></h3><p>As Eminem’s career progressed, he demonstrated an incredible ability to adapt and evolve, cementing his place as a timeless figure in the music industry. After the meteoric rise following <em>The Marshall Mathers LP</em>, he faced the challenge of sustaining his success while navigating the pressures of fame, personal turmoil, and the ever-changing landscape of hip-hop.</p><p>In 2002, Eminem released <em>The Eminem Show</em>, a deeply introspective album that highlighted his growth as an artist and a person. Tracks like \"Without Me,\" \"Sing for the Moment,\" and \"Hailie’s Song\" balanced humor, raw emotion, and sharp social commentary. The album won the Grammy for Best Rap Album and solidified his ability to blend commercial appeal with artistic depth.</p><p>Simultaneously, Eminem ventured into acting with <em>8 Mile</em>, a semi-autobiographical film about a young rapper navigating the challenges of poverty, race, and self-doubt. The movie’s success was amplified by its soundtrack, particularly the anthem \"Lose Yourself,\" which won an Academy Award and became an enduring symbol of perseverance and seizing opportunity.</p><p>However, success came at a cost. By the mid-2000s, Eminem faced struggles with addiction, the loss of close friends like Proof, and waning creative motivation. His 2004 album <em>Encore</em> received mixed reviews, signaling a period of turbulence. Yet, this chapter of vulnerability and self-doubt only added to the depth of his legacy.</p><p>In 2009, Eminem made a triumphant return with <em>Relapse</em>, his first studio album in five years. It was a raw exploration of his battle with addiction and his journey toward recovery. While some criticized the album\'s darker themes, it showcased his technical brilliance and willingness to confront his demons. This was followed by <em>Recovery</em> in 2010, an album that resonated deeply with listeners for its themes of redemption and resilience. Tracks like \"Not Afraid\" and \"Love the Way You Lie\" reflected a more mature Eminem, committed to growth and introspection.</p><p>As hip-hop evolved, Eminem embraced new challenges to remain relevant. In 2013, he released <em>The Marshall Mathers LP 2</em>, a sequel to his classic album, which paid homage to his roots while showcasing his evolution as an artist. With hits like \"Rap God\" and \"The Monster\" featuring Rihanna, he proved his ability to compete with the new generation of artists while retaining his unique identity.</p><p>The latter years of Eminem’s career have been characterized by his defiance of expectations. Albums like <em>Kamikaze</em> (2018) and <em>Music to Be Murdered By</em> (2020) showed that he could still dominate the charts and spark conversations. Eminem’s music continued to evolve, addressing contemporary issues, criticizing his detractors, and reflecting on his legacy.</p><p>Beyond music, Eminem’s impact has extended to philanthropy and mentorship. He has supported various causes through the Marshall Mathers Foundation and helped nurture upcoming artists through Shady Records. His influence can be seen in the countless rappers who cite him as an inspiration, proving that his legacy transcends generations.</p><p>Eminem’s journey from a young dreamer in Detroit to a global icon has been one of constant reinvention and resilience. With each chapter of his life, he has reaffirmed his status as not just a rapper, but a cultural phenomenon.</p>', 2, '2025-01-03 20:18:18', '2025-01-04 17:40:03', NULL),
('4134a928-2e38-4286-8eab-b51b31f1b4b4', '3e9ebee8-92c1-457d-a6e5-356dd214b5c0', 'Chapter 1: Eminem\'s legacy', 'https://www.youtube.com/watch?v=YVkUvmDQ3HY', '<p>Eminem, born Marshall Bruce Mathers III on October 17, 1972, is one of the most influential and celebrated artists in the history of hip-hop. Hailing from Detroit, Michigan, his journey to superstardom is a testament to resilience, talent, and an unapologetic embrace of his struggles. Widely known as the \"Rap God,\" Eminem’s lyrical genius, rapid-fire delivery, and raw storytelling have earned him accolades across the globe.</p><p>Eminem’s breakthrough came in 1999 with <em>The Slim Shady LP</em>, an album that introduced the world to his alter ego, Slim Shady, characterized by dark humor and provocative themes. Tracks like \"My Name Is\" captured attention for their boldness and creativity. The album won him a Grammy Award for Best Rap Album, a harbinger of the monumental success that would follow.</p><p>In 2000, <em>The Marshall Mathers LP</em> elevated his status from rising star to hip-hop legend. It became one of the fastest-selling albums in U.S. history, featuring hits like \"Stan\" and \"The Real Slim Shady.\" The album showcased Eminem’s ability to merge intricate rhymes with profound narratives, delving into his struggles with fame, family, and inner demons.</p><p>Eminem\'s career has been marked by his openness about personal challenges. Songs like \"Mockingbird\" and \"Cleanin’ Out My Closet\" offer raw insights into his tumultuous relationship with his mother and his role as a father. His candidness about addiction and mental health, particularly in albums like <em>Relapse</em> and <em>Recovery</em>, resonates with fans who appreciate his authenticity.</p><p>Despite controversy surrounding his lyrics, often criticized for being explicit or offensive, Eminem has defended his artistry as a reflection of his reality and a means of self-expression. Over the years, his work has sparked conversations about freedom of speech, mental health, and societal issues, underscoring his impact beyond music.</p><p>Eminem’s accolades include 15 Grammy Awards, an Academy Award for Best Original Song for \"Lose Yourself\" from the movie <em>8 Mile</em>, and induction into the Rock and Roll Hall of Fame in 2022. His influence extends beyond music, inspiring countless artists and contributing to hip-hop\'s mainstream acceptance.</p><p>One of the defining features of Eminem’s artistry is his technical prowess. His ability to craft multi-syllabic rhymes, weave complex wordplay, and maintain a relentless flow has cemented his reputation as one of the greatest rappers of all time. Songs like \"Rap God\" and \"Godzilla\" showcase his unmatched speed and dexterity, pushing the boundaries of what’s possible in rap.</p><p>Eminem’s legacy is not just about record sales or awards. It’s about resilience, transformation, and staying true to oneself in a world that often demands conformity. His story is a reminder that art, at its core, is about authenticity and the courage to share one’s truth. From a kid in Detroit with big dreams to a global icon, Eminem’s journey is a testament to the power of words and the indomitable human spirit.</p>', 1, '2025-01-03 20:13:19', '2025-01-04 17:40:03', NULL),
('646bbe35-7292-4b75-b531-3bdcb6c35d3f', 'e87fef61-cd53-4c84-9c5f-0e2e21e0a090', 'Intro to Python', 'https://www.youtube.com/watch?v=eXBD2bB9-RA', '<h3><strong>1. Basics of Python</strong></h3><ul><li><p><strong>Syntax:</strong> Python uses indentation to define blocks of code, not braces <code>{}</code>.</p></li><li><p><strong>Comments:</strong> Single-line comments start with <code>#</code>, and multi-line comments can be enclosed in triple quotes (<code>\'\'\'</code> or <code>\"\"\"</code>).</p></li><li><p><strong>Variables:</strong></p><ul><li><p>No need to declare the type. Python is dynamically typed: </p><pre><code class=\"language-python\">x = 5      # Integer\ny = 3.14   # Float\nz = \"Text\" # String\n</code></pre></li></ul></li></ul><h3><strong>2. Data Types</strong></h3><ul><li><p><strong>Numeric Types:</strong> <code>int</code>, <code>float</code>, <code>complex</code>.</p></li><li><p><strong>Text Type:</strong> <code>str</code>.</p></li><li><p><strong>Sequence Types:</strong> <code>list</code>, <code>tuple</code>, <code>range</code>.</p></li><li><p><strong>Mapping Type:</strong> <code>dict</code>.</p></li><li><p><strong>Set Types:</strong> <code>set</code>, <code>frozenset</code>.</p></li><li><p><strong>Boolean Type:</strong> <code>bool</code>.</p></li><li><p><strong>None Type:</strong> <code>NoneType</code>.</p></li></ul><h3><strong>3. Control Structures</strong></h3><ul><li><p><strong>Conditional Statements:</strong> </p><pre><code class=\"language-python\">if condition:\n    # Code block\nelif another_condition:\n    # Another block\nelse:\n    # Default block\n</code></pre></li><li><p><strong>Loops:</strong></p><ul><li><p><code>for</code> loop: Iterates over sequences. </p><pre><code class=\"language-python\">for i in range(5):\n    print(i)\n</code></pre></li><li><p><code>while</code> loop: Runs as long as the condition is <code>True</code>. </p><pre><code class=\"language-python\">while x &lt; 10:\n    print(x)\n    x += 1\n</code></pre></li></ul></li></ul><h3><strong>4. Functions</strong></h3><ul><li><p>Define reusable code with <code>def</code>: </p><pre><code class=\"language-python\">def greet(name):\n    return f\"Hello, {name}!\"\nprint(greet(\"Alice\"))\n</code></pre></li></ul><h3><strong>5. Data Structures</strong></h3><ul><li><p><strong>Lists:</strong> Mutable, ordered collections. </p><pre><code class=\"language-python\">my_list = [1, 2, 3]\nmy_list.append(4)\nprint(my_list)  # Output: [1, 2, 3, 4]\n</code></pre></li><li><p><strong>Tuples:</strong> Immutable, ordered collections. </p><pre><code class=\"language-python\">my_tuple = (1, 2, 3)\n</code></pre></li><li><p><strong>Dictionaries:</strong> Key-value pairs. </p><pre><code class=\"language-python\">my_dict = {\"name\": \"Alice\", \"age\": 25}\nprint(my_dict[\"name\"])  # Output: Alice\n</code></pre></li></ul><h3><strong>6. File Handling</strong></h3><ul><li><p>Reading and writing files: </p><pre><code class=\"language-python\">with open(\"file.txt\", \"r\") as file:\n    content = file.read()\nprint(content)\n</code></pre></li></ul><h3><strong>7. Error Handling</strong></h3><ul><li><p>Handle exceptions using <code>try</code> and <code>except</code>: </p><pre><code class=\"language-python\">try:\n    x = 10 / 0\nexcept ZeroDivisionError:\n    print(\"Cannot divide by zero!\")\n</code></pre></li></ul><h3><strong>8. Modules and Libraries</strong></h3><ul><li><p>Import built-in or third-party libraries:</p><pre><code class=\"language-python\">import math\nprint(math.sqrt(16))  # Output: 4.0\n</code></pre></li><li><p>Popular libraries include <code>numpy</code>, <code>pandas</code>, <code>matplotlib</code>, <code>scipy</code>, <code>requests</code>, etc.</p></li></ul><h3><strong>9. Object-Oriented Programming (OOP)</strong></h3><ul><li><p><strong>Classes and Objects:</strong> </p><pre><code class=\"language-python\">class Dog:\n    def __init__(self, name):\n        self.name = name\n    \n    def bark(self):\n        return f\"{self.name} says Woof!\"\n\nmy_dog = Dog(\"Buddy\")\nprint(my_dog.bark())  # Output: Buddy says Woof!\n</code></pre></li></ul>', 1, '2025-01-09 04:33:21', '2025-01-09 04:33:21', NULL),
('804aaa3e-dcd2-44ef-a133-aa612e7a8131', '6549f956-1f65-4ea7-9fa9-c376e2eebba3', 'Intro', 'https://www.youtube.com/watch?v=ihHwLfIg_Dk', '<p></p><p><strong>Import Media:</strong> Drag and drop video, audio, or images into the <strong>Project Panel</strong> or use <code>File &gt; Import</code>.</p><ol><li><p><strong>Timeline:</strong> Arrange clips on the <strong>Sequence Timeline</strong> to edit and adjust their position.</p></li><li><p><strong>Cutting Clips:</strong> Use the <strong>Razor Tool</strong> (<code>C</code>) or trim by dragging clip edges in the timeline.</p></li><li><p><strong>Adding Effects:</strong> Go to the <strong>Effects Panel</strong>, drag effects (e.g., transitions) onto your clips.</p></li><li><p><strong>Export:</strong> Export your final video using <code>File &gt; Export &gt; Media</code> and choose the desired format (e.g., H.264 for MP4).</p></li></ol>', 1, '2025-01-09 04:36:40', '2025-01-09 04:36:40', NULL),
('a46848a3-9827-4257-968c-1a88b3ac81a2', '6549f956-1f65-4ea7-9fa9-c376e2eebba3', 'SIMPLE Camera Shake Transition', 'https://www.youtube.com/watch?v=ZxDWwFGp1Yw', '<p>Camera Shake Transition Tutorial in Premiere Pro without Plugin   Discover how to create an exciting and professional camera shake transition in Adobe Premiere Pro without the need for any plugins!</p>', 2, '2025-01-09 04:36:40', '2025-01-09 04:36:40', NULL),
('a81e5386-bc5f-4fdb-b798-3133738d8f9f', '7ee65d42-a0bd-4d8f-a8f8-3f9a6173bb71', 'Revolutionary MinecraftLifeHacks: Epic Builds & Adventures!', 'https://www.youtube.com/watch?v=Y4gnMMB3ax8&list=PLMJCfsZcYmHWI4ZvMbFZl3_9UX9lFGWY5', '<body>\n  <div class=\"container\">\n    <h1 class=\"main-title\">? Welcome to the Ultimate Guide for Minecraft Enthusiasts! ?</h1>\n    <p class=\"intro\">\n      ? In this <strong>mind-blowing video</strong>, we unveil a collection of <strong>revolutionary life hacks</strong> that will take your Minecraft skills to a whole new level.\n    </p>\n    <p class=\"intro\">\n      ✨ <strong>Join us on an adventure</strong> as we share <strong>game-changing secrets</strong> and <strong>pro tips</strong> that top gaming YouTubers swear by. Prepare to be amazed as we reveal:\n    </p>\n    <ul class=\"features\">\n      <li>?️ <strong>Jaw-dropping building techniques</strong></li>\n      <li>? <strong>Hidden tricks</strong></li>\n      <li>? <strong>Expert strategies</strong></li>\n    </ul>\n    <p class=\"intro\">\n      ? <strong>Transform your Minecraft world</strong> with hacks that ignite creativity and unlock endless possibilities!\n    </p>\n    <div class=\"highlight-box\">\n      <h2>? What You\'ll Learn:</h2>\n      <ul class=\"features\">\n        <li>Create <strong>stunning structures</strong> effortlessly</li>\n        <li>Uncover <strong>hidden treasures</strong></li>\n        <li>Optimize <strong>resource gathering</strong></li>\n        <li>Streamline your <strong>redstone contraptions</strong></li>\n        <li>Conquer the <strong>Nether</strong> like a true champion</li>\n      </ul>\n    </div>\n    <p class=\"intro\">\n      ? Dive into the world of <strong>command blocks</strong>, where you\'ll discover the power to create <strong>epic custom maps</strong> and incredible adventures.\n    </p>\n    <p class=\"intro\">\n      ? With <strong>captivating visuals</strong>, <strong>step-by-step demonstrations</strong>, and <strong>insider insights</strong>, this video is a <strong>treasure trove</strong> for Minecraft enthusiasts of all levels.\n    </p>\n    <p class=\"intro\">\n      ? Join <strong>millions of viewers</strong> who have embraced these life hacks and witnessed <strong>unbelievable transformations</strong> in their gameplay.\n    </p>\n    <div class=\"call-to-action\">\n      <h2>⚡ Get Ready to:</h2>\n      <ul>\n        <li>Level up your Minecraft gameplay</li>\n        <li>Impress your friends</li>\n        <li>Become the <strong>ultimate master</strong> of the blocky world</li>\n      </ul>\n      <p class=\"cta-text\">\n        ? <strong>Don\'t miss out on this epic adventure!</strong> Hit that play button now and unlock the secrets to becoming a <strong>Minecraft legend!</strong>\n      </p>\n    </div>\n  </div>\n</body>', 1, '2024-12-29 17:17:06', '2025-01-03 20:13:44', 0),
('b1db732f-095d-4997-8651-68dd9dd0bb3d', '7ee65d42-a0bd-4d8f-a8f8-3f9a6173bb71', 'The BEST Composter Design in Minecraft (Fully Automatic + HIDDEN) Tutorial', 'https://www.youtube.com/watch?v=0mhQKdlD11s', '<p><strong>Minecraft Tutorial: The BEST Composter Design (Fully Automatic + HIDDEN)</strong></p><p>In Minecraft, composters are a fantastic way to recycle plant materials into bone meal, which can be used for farming and decoration. This tutorial will guide you through creating a fully automatic, hidden composter design that is both efficient and aesthetically pleasing.</p><p><strong>Materials Needed:</strong></p><ul><li><p> Composter</p></li><li><p>Hopper</p></li><li><p>Chest</p></li><li><p>Piston</p></li><li><p>Observer</p></li><li><p>Redstone Torch</p></li><li><p>Redstone Dust</p></li><li><p>Block of your choice (for concealment)</p></li><li><p>Plant materials (e.g., seeds, wheat, leaves)</p></li></ul><p><strong>Step 1: Base Setup</strong></p><ol><li><p>Dig a 3x3 area, two blocks deep. This will house the hidden composter system.</p></li><li><p>Place the chest at the bottom center of the area. This chest will collect the bone meal.</p></li><li><p>Attach the hopper directly above the chest. The hopper will funnel items from the composter into the chest.</p></li></ol><p><strong>Step 2: Installing the Composter</strong></p><ol><li><p>Place the composter directly above the hopper. Any items inserted into the composter will pass through the hopper and into the chest once processed.</p></li></ol><p><strong>Step 3: Automating the System</strong></p><ol><li><p>Behind the composter, place an observer facing the composter. The observer will detect when the composter is full and ready to produce bone meal.</p></li><li><p>Place a block behind the observer to hold the redstone torch.</p></li><li><p>Put the redstone torch on the block behind the observer.</p></li><li><p>Directly above the redstone torch, place a block with redstone dust on top. This redstone dust will power the piston when activated.</p></li></ol><p><strong>Step 4: Piston Activation</strong></p><ol><li><p>Place the piston one block above the composter, facing downwards. When triggered, the piston will push down and empty the composter.</p></li></ol><p><strong>Step 5: Concealing the System</strong></p><ol><li><p>Use blocks of your choice to cover the area around the composter, leaving only the top visible for inserting plant materials.</p></li><li><p>If you want the system to be completely hidden, use trapdoors or carpets to blend it into the environment.</p></li></ol><p><strong>How It Works:</strong></p><ul><li><p>As you place plant materials into the composter, it gradually fills up. Once full, the observer detects this and activates the piston.</p></li><li><p>The piston pushes down, emptying the composter and sending bone meal into the chest via the hopper.</p></li><li><p>The process resets, allowing continuous, hands-free composting.</p></li></ul><p><strong>Tips:</strong></p><ul><li><p>Use hoppers or water streams to funnel excess plant materials directly into the composter for a fully automated farm-to-composter system.</p></li><li><p>Consider connecting multiple composters to maximize bone meal production.</p></li><li><p>Experiment with different designs to ensure the system blends seamlessly with your base.</p></li></ul><p>This hidden, automatic composter design is perfect for survival mode, helping you make the most of your resources while keeping your base neat and organized. Happy crafting!</p>', 2, '2025-01-03 18:15:57', '2025-01-03 20:13:45', NULL),
('ea101d69-d9ac-42b0-aa10-1354506bfd9e', '3e9ebee8-92c1-457d-a6e5-356dd214b5c0', 'ghkhlk', '', '', 3, '2025-01-04 17:34:22', '2025-01-04 17:36:04', NULL);

-- --------------------------------------------------------

--
-- Table structure for table `course`
--

CREATE TABLE `course` (
  `id` char(36) NOT NULL,
  `title` varchar(191) NOT NULL,
  `description` text NOT NULL,
  `imageUrl` varchar(191) NOT NULL,
  `instructor` varchar(191) NOT NULL,
  `duration` varchar(191) NOT NULL,
  `level` enum('BEGINNER','INTERMEDIATE','ADVANCED') NOT NULL,
  `rating` float DEFAULT 0,
  `students` int(11) DEFAULT 0,
  `createdAt` timestamp NOT NULL DEFAULT current_timestamp(),
  `updatedAt` timestamp NOT NULL DEFAULT current_timestamp() ON UPDATE current_timestamp(),
  `status` enum('draft','published','archived','') DEFAULT 'draft'
) ENGINE=InnoDB DEFAULT CHARSET=utf8mb4 COLLATE=utf8mb4_general_ci;

--
-- Dumping data for table `course`
--

INSERT INTO `course` (`id`, `title`, `description`, `imageUrl`, `instructor`, `duration`, `level`, `rating`, `students`, `createdAt`, `updatedAt`, `status`) VALUES
('3e9ebee8-92c1-457d-a6e5-356dd214b5c0', 'Eminem: The Art and Evolution of a Rap Icon', 'Dive into the extraordinary journey of Marshall Mathers, aka Eminem, one of the most influential artists in hip-hop history. This course explores his groundbreaking albums, lyrical genius, and cultural impact. From his Detroit roots to global superstardom, analyze his storytelling, technical prowess, and the themes of resilience, fame, and redemption in his music. Examine his iconic alter egos, controversies, and role in shaping hip-hop’s mainstream acceptance. Whether you\'re a fan or a scholar of music, this course offers a comprehensive look at the legacy of the \"Rap God\" and his enduring influence on music and culture.', 'https://th.bing.com/th/id/OIP.uMsIOV4rgWa7X7mWRpNCjQHaE7?rs=1&pid=ImgDetMain', '', '', 'BEGINNER', 0, 0, '2025-01-03 20:11:49', '2025-01-04 17:40:03', 'published'),
('6549f956-1f65-4ea7-9fa9-c376e2eebba3', 'Adobe Premiere Pro for Beginners ', 'learn to edit videos', 'https://petapixel.com/assets/uploads/2024/10/premiere-pro-updates-adobe-max-800x420.jpg', '', '', 'BEGINNER', 0, 0, '2025-01-09 04:34:19', '2025-01-09 04:36:40', 'published'),
('7ee65d42-a0bd-4d8f-a8f8-3f9a6173bb71', 'Minecraft mastery', 'Minecraft shikhabo hahaahahhaha', 'https://th.bing.com/th/id/R.935fa4387456f2e47a2f8d1090c64633?rik=2q9sCNxE%2bNCB8g&pid=ImgRaw&r=0', '', '', 'BEGINNER', 0, 0, '2024-12-29 17:11:24', '2025-01-03 20:13:44', 'published'),
('e87fef61-cd53-4c84-9c5f-0e2e21e0a090', 'Python Basics', 'Python simple', 'https://www.fullstackpython.com/img/logos/py.png', '', '', 'BEGINNER', 0, 0, '2025-01-09 04:26:46', '2025-01-09 04:33:21', 'published');

-- --------------------------------------------------------

--
-- Table structure for table `courses_interests`
--

CREATE TABLE `courses_interests` (
  `courseId` char(36) NOT NULL,
  `interestId` char(36) NOT NULL
) ENGINE=InnoDB DEFAULT CHARSET=utf8mb4 COLLATE=utf8mb4_general_ci;

--
-- Dumping data for table `courses_interests`
--

INSERT INTO `courses_interests` (`courseId`, `interestId`) VALUES
('3e9ebee8-92c1-457d-a6e5-356dd214b5c0', 'fb69e320-c119-4aff-9cc7-cfcdb394d07d'),
('6549f956-1f65-4ea7-9fa9-c376e2eebba3', 'f7b30a9a-b024-11ef-9c26-d8bbc114656c'),
('7ee65d42-a0bd-4d8f-a8f8-3f9a6173bb71', 'b094e8a6-7731-4ef8-9c1e-c99fbf6ce47f'),
('e87fef61-cd53-4c84-9c5f-0e2e21e0a090', 'f7b30164-b024-11ef-9c26-d8bbc114656c');

-- --------------------------------------------------------

--
-- Table structure for table `course_ratings`
--

CREATE TABLE `course_ratings` (
  `id` char(36) NOT NULL,
  `userId` char(36) NOT NULL,
  `courseId` char(36) NOT NULL,
  `rating` tinyint(4) NOT NULL,
  `createdAt` timestamp NOT NULL DEFAULT current_timestamp()
) ENGINE=InnoDB DEFAULT CHARSET=utf8mb4 COLLATE=utf8mb4_general_ci;

-- --------------------------------------------------------

--
-- Table structure for table `enrollment`
--

CREATE TABLE `enrollment` (
  `id` char(36) NOT NULL,
  `userId` char(36) NOT NULL,
  `courseId` char(36) NOT NULL,
  `progress` int(11) DEFAULT 0,
  `createdAt` timestamp NOT NULL DEFAULT current_timestamp(),
  `updatedAt` timestamp NOT NULL DEFAULT current_timestamp() ON UPDATE current_timestamp(),
  `lastAccesed` timestamp NULL DEFAULT NULL
) ENGINE=InnoDB DEFAULT CHARSET=utf8mb4 COLLATE=utf8mb4_general_ci;

--
-- Dumping data for table `enrollment`
--

INSERT INTO `enrollment` (`id`, `userId`, `courseId`, `progress`, `createdAt`, `updatedAt`, `lastAccesed`) VALUES
('1ddb8104-74df-4e3f-9454-c63201b60d3e', 'b607a245-903d-4297-9ded-f7b3c24fa67a', '7ee65d42-a0bd-4d8f-a8f8-3f9a6173bb71', 0, '2024-12-29 17:17:29', '2024-12-29 17:17:29', '2024-12-29 17:17:29'),
('5704030e-ea80-4d4e-b093-9fd29b5c53c0', 'bb759173-7452-4607-b7b1-68268b6756e0', '3e9ebee8-92c1-457d-a6e5-356dd214b5c0', 0, '2025-01-05 19:33:52', '2025-01-05 19:33:52', '2025-01-05 19:33:52'),
('741e1df2-5b5f-445b-8a40-10f0ed6139e7', 'bb759173-7452-4607-b7b1-68268b6756e0', '6549f956-1f65-4ea7-9fa9-c376e2eebba3', 0, '2025-01-09 04:37:03', '2025-01-09 04:37:03', '2025-01-09 04:37:03'),
('8079270a-dd06-408a-995c-0dc4ca5702d3', 'bb759173-7452-4607-b7b1-68268b6756e0', '7ee65d42-a0bd-4d8f-a8f8-3f9a6173bb71', 0, '2025-01-05 19:34:14', '2025-01-05 19:34:14', '2025-01-05 19:34:14'),
('d7f1c526-32fb-4ee3-b6c2-91ef193b2d13', 'b607a245-903d-4297-9ded-f7b3c24fa67a', '3e9ebee8-92c1-457d-a6e5-356dd214b5c0', 0, '2025-01-03 20:51:36', '2025-01-03 20:51:36', '2025-01-03 20:51:36'),
('fc8194fd-a12b-4c5a-8b54-409fcd9b3ed7', 'bb759173-7452-4607-b7b1-68268b6756e0', 'e87fef61-cd53-4c84-9c5f-0e2e21e0a090', 0, '2025-01-09 04:56:05', '2025-01-09 04:56:05', '2025-01-09 04:56:05'),
('ffcc2f06-97c7-454b-ba39-9ed270767905', '1a22a52e-c300-4fc0-b5a9-7af24d4d440a', '3e9ebee8-92c1-457d-a6e5-356dd214b5c0', 0, '2025-01-04 18:38:41', '2025-01-04 18:38:41', '2025-01-04 18:38:41');

-- --------------------------------------------------------

--
-- Table structure for table `feedback`
--

CREATE TABLE `feedback` (
  `id` char(36) NOT NULL,
  `courseId` char(36) NOT NULL,
  `userId` char(36) NOT NULL,
  `message` text NOT NULL,
  `isRead` tinyint(1) DEFAULT 0,
  `createdAt` timestamp NOT NULL DEFAULT current_timestamp()
) ENGINE=InnoDB DEFAULT CHARSET=utf8mb4 COLLATE=utf8mb4_general_ci;

-- --------------------------------------------------------

--
-- Table structure for table `interest`
--

CREATE TABLE `interest` (
  `id` char(36) NOT NULL,
  `name` varchar(191) NOT NULL,
  `createdAt` timestamp NOT NULL DEFAULT current_timestamp(),
  `updatedAt` timestamp NOT NULL DEFAULT current_timestamp() ON UPDATE current_timestamp(),
  `icon` varchar(45) DEFAULT NULL
) ENGINE=InnoDB DEFAULT CHARSET=utf8mb4 COLLATE=utf8mb4_general_ci;

--
-- Dumping data for table `interest`
--

INSERT INTO `interest` (`id`, `name`, `createdAt`, `updatedAt`, `icon`) VALUES
('85dd2bd5-4e22-420e-ac29-9ab2a6eeafc8', 'data-science', '2025-01-03 19:24:48', '2025-01-03 19:24:48', NULL),
('a5cc0b1b-ab04-4b1b-8a2b-54047395876b', 'Marketing', '2024-12-01 20:50:52', '2025-01-03 14:08:59', 'TrendingUp'),
('b094e8a6-7731-4ef8-9c1e-c99fbf6ce47f', 'Games', '2025-01-03 13:03:26', '2025-01-03 13:03:26', 'Gamepad2'),
('f05d4f13-d19e-4816-a0bd-c047e8aa3c93', 'Data Science', '2024-12-01 20:50:52', '2025-01-03 14:08:59', 'Database'),
('f7b30164-b024-11ef-9c26-d8bbc114656c', 'Programming', '2024-12-01 20:43:49', '2025-01-03 14:08:59', 'Code'),
('f7b30a78-b024-11ef-9c26-d8bbc114656c', 'Business', '2024-12-01 20:43:49', '2025-01-03 14:08:59', 'BookOpen'),
('f7b30a9a-b024-11ef-9c26-d8bbc114656c', 'Design', '2024-12-01 20:43:49', '2025-01-03 14:08:59', 'Palette'),
('f7b30abd-b024-11ef-9c26-d8bbc114656c', 'Languages', '2024-12-01 20:43:49', '2025-01-03 14:08:59', 'Globe'),
('fb69e320-c119-4aff-9cc7-cfcdb394d07d', 'Music', '2025-01-03 20:18:18', '2025-01-03 20:18:18', 'FileMusic');

-- --------------------------------------------------------

--
-- Table structure for table `notification`
--

CREATE TABLE `notification` (
  `id` char(36) NOT NULL,
  `userId` char(36) NOT NULL,
  `title` varchar(191) NOT NULL,
  `message` text NOT NULL,
  `type` enum('info','success','warning','error') NOT NULL,
  `isRead` tinyint(1) DEFAULT 0,
  `createdAt` timestamp NOT NULL DEFAULT current_timestamp()
) ENGINE=InnoDB DEFAULT CHARSET=utf8mb4 COLLATE=utf8mb4_general_ci;

--
-- Dumping data for table `notification`
--

INSERT INTO `notification` (`id`, `userId`, `title`, `message`, `type`, `isRead`, `createdAt`) VALUES
('4c8e0121-b72d-11ef-9714-d8bbc114656c', '1a22a52e-c300-4fc0-b5a9-7af24d4d440a', 'New Notificaiton!', 'New notification!', 'success', 1, '2024-12-10 19:31:05'),
('58e27bd0-b196-11ef-99ea-d8bbc114656c', 'b607a245-903d-4297-9ded-f7b3c24fa67a', 'Welcome to CourseKori!', 'Start exploring our courses to begin your learning journey.', 'info', 1, '2024-12-03 16:47:56'),
('58e28338-b196-11ef-99ea-d8bbc114656c', 'b607a245-903d-4297-9ded-f7b3c24fa67a', 'Course Recommendation', 'Based on your interests, check out our new Python course!', 'success', 1, '2024-12-03 16:47:56'),
('85451000-b198-11ef-99ea-d8bbc114656c', 'b607a245-903d-4297-9ded-f7b3c24fa67a', 'New', 'Hello there, it is a new notification.', 'info', 1, '2024-12-03 17:03:30'),
('85451000-b198-11ef-99ea-d8bbc114656d', 'b607a245-903d-4297-9ded-f7b3c24fa67a', 'New', 'Hello there, it is a new notification.', 'info', 1, '2024-12-03 17:03:56'),
('baa85206-b72c-11ef-9714-d8bbc114656c', '1a22a52e-c300-4fc0-b5a9-7af24d4d440a', 'Hello there!', 'How you doing?', 'info', 0, '2024-12-10 19:27:00'),
('ef0fc087-b72c-11ef-9714-d8bbc114656c', '1a22a52e-c300-4fc0-b5a9-7af24d4d440a', 'Notificaiton!', 'Login successfully!', 'success', 1, '2024-12-10 19:28:28');

-- --------------------------------------------------------

--
-- Table structure for table `user`
--

CREATE TABLE `user` (
  `id` char(36) NOT NULL,
  `email` varchar(191) NOT NULL,
  `firstName` varchar(191) NOT NULL,
  `lastName` varchar(191) NOT NULL,
  `password` varchar(191) NOT NULL,
  `createdAt` timestamp NOT NULL DEFAULT current_timestamp(),
  `updatedAt` timestamp NOT NULL DEFAULT current_timestamp() ON UPDATE current_timestamp(),
  `profile_picture_url` varchar(255) DEFAULT NULL,
  `wishlist_count` int(11) DEFAULT 0,
  `cart_count` int(11) DEFAULT 0,
  `notifications_count` int(11) DEFAULT 0,
  `messages_count` int(11) DEFAULT 0,
  `account_settings` longtext CHARACTER SET utf8mb4 COLLATE utf8mb4_bin DEFAULT NULL,
  `payment_methods` longtext CHARACTER SET utf8mb4 COLLATE utf8mb4_bin DEFAULT NULL,
  `subscriptions` longtext CHARACTER SET utf8mb4 COLLATE utf8mb4_bin DEFAULT NULL,
  `isAdmin` tinyint(1) NOT NULL DEFAULT 0
) ;

--
-- Dumping data for table `user`
--

INSERT INTO `user` (`id`, `email`, `firstName`, `lastName`, `password`, `createdAt`, `updatedAt`, `profile_picture_url`, `wishlist_count`, `cart_count`, `notifications_count`, `messages_count`, `account_settings`, `payment_methods`, `subscriptions`, `isAdmin`) VALUES
('1a22a52e-c300-4fc0-b5a9-7af24d4d440a', 'ahmad@gmail.com', 'Ahmad', 'Towsif', '$2a$12$0dX9loBiyQ5TdG1tbztp.uW5W7MxeO6iHhh5N3t1OD/1k8ATMxVge', '2024-12-02 20:16:48', '2024-12-02 20:16:48', NULL, 0, 0, 0, 0, NULL, NULL, NULL, 0),
('651f8c12-e05e-4d6c-9973-25c5f4e4f928', 'niaz.nafi.rahman@g.bracu.ac.bd', 'Niaz', 'Rahman', '$2a$12$G6N61AJX2k7fal7OBsuRwOAP64kP4rSlBSlU83YSl5RQZdb6W2lhe', '2024-12-02 20:15:19', '2024-12-02 20:15:19', NULL, 0, 0, 0, 0, NULL, NULL, NULL, 0),
('9b702254-4f27-4b19-8137-cb7cac0c56f8', 'farruk@gmail.com', 'farruk', 'towsif', '$2a$12$RUuRlIhOGa1mutqZanfqpO8bSlvXrh9CC6TJQEQ81l3luKuo9h/8m', '2024-12-09 16:22:51', '2024-12-09 16:22:51', NULL, 0, 0, 0, 0, NULL, NULL, NULL, 0),
('b607a245-903d-4297-9ded-f7b3c24fa67a', 'niaz@gmail.com', 'Niaz', 'Rahman', '$2a$12$MRq7kG7gEx/1TGxe4an4D.Ab3rIPdwR/yIxP.5Z69vshQsQn4Bgem', '2024-12-03 16:43:10', '2024-12-03 16:43:10', NULL, 0, 0, 0, 0, NULL, NULL, NULL, 0),
('bb759173-7452-4607-b7b1-68268b6756e0', 'ryan@gmail.com', 'ryan', 'gosling', '$2a$12$iQ5CwFGSSGG0und9IhtiXOqON0.157S18QZxSexPMapuhkWzcm80W', '2024-12-09 19:32:59', '2024-12-09 19:32:59', NULL, 0, 0, 0, 0, NULL, NULL, NULL, 0),
('eac5ac6a-3197-4889-a825-ab7a2a65d63e', 'mehedi@gmail.com', 'Mehedi', 'Hasan', '$2a$12$jzVvarNkWT2HtLEbgDnA7egWppZyTZlsl1TpgKUgQ5A5yxYUi7FPq', '2024-12-03 04:39:12', '2024-12-03 04:39:12', NULL, 0, 0, 0, 0, NULL, NULL, NULL, 0),
('f62119a4-2779-4286-9bc3-c7eef8f0f313', 'admiin@gmail.com', 'ABCD', 'EFG', '$2a$12$E9Z2e9qJak4JH2SzsqzWye/ebgiUAsQJ9LzJoPGKSuXucPKXpmu4S', '2024-12-09 19:59:19', '2024-12-09 20:04:30', NULL, 0, 0, 0, 0, NULL, NULL, NULL, 1);

-- --------------------------------------------------------

--
-- Table structure for table `user_chapter_progress`
--

CREATE TABLE `user_chapter_progress` (
  `id` char(36) NOT NULL,
  `userId` char(36) NOT NULL,
  `courseId` char(36) NOT NULL,
  `chapterId` char(36) NOT NULL,
  `progress_video` float DEFAULT NULL,
  `score` float DEFAULT NULL,
  `feedback` varchar(400) DEFAULT NULL,
  `progress_mcq` float DEFAULT NULL,
  `enrollmentId` char(36) NOT NULL
) ENGINE=InnoDB DEFAULT CHARSET=utf8mb4 COLLATE=utf8mb4_general_ci;

-- --------------------------------------------------------

--
-- Table structure for table `user_interests`
--

CREATE TABLE `user_interests` (
  `userId` char(36) NOT NULL,
  `interestId` char(36) NOT NULL
) ENGINE=InnoDB DEFAULT CHARSET=utf8mb4 COLLATE=utf8mb4_general_ci;

--
-- Dumping data for table `user_interests`
--

INSERT INTO `user_interests` (`userId`, `interestId`) VALUES
('1a22a52e-c300-4fc0-b5a9-7af24d4d440a', 'f7b30a9a-b024-11ef-9c26-d8bbc114656c'),
('651f8c12-e05e-4d6c-9973-25c5f4e4f928', 'a5cc0b1b-ab04-4b1b-8a2b-54047395876b'),
('651f8c12-e05e-4d6c-9973-25c5f4e4f928', 'f05d4f13-d19e-4816-a0bd-c047e8aa3c93'),
('651f8c12-e05e-4d6c-9973-25c5f4e4f928', 'f7b30164-b024-11ef-9c26-d8bbc114656c'),
('651f8c12-e05e-4d6c-9973-25c5f4e4f928', 'f7b30a78-b024-11ef-9c26-d8bbc114656c'),
('651f8c12-e05e-4d6c-9973-25c5f4e4f928', 'f7b30a9a-b024-11ef-9c26-d8bbc114656c'),
('651f8c12-e05e-4d6c-9973-25c5f4e4f928', 'f7b30abd-b024-11ef-9c26-d8bbc114656c'),
('9b702254-4f27-4b19-8137-cb7cac0c56f8', 'f7b30164-b024-11ef-9c26-d8bbc114656c'),
('9b702254-4f27-4b19-8137-cb7cac0c56f8', 'f7b30abd-b024-11ef-9c26-d8bbc114656c'),
('b607a245-903d-4297-9ded-f7b3c24fa67a', 'f7b30164-b024-11ef-9c26-d8bbc114656c'),
('b607a245-903d-4297-9ded-f7b3c24fa67a', 'f7b30a9a-b024-11ef-9c26-d8bbc114656c'),
('bb759173-7452-4607-b7b1-68268b6756e0', 'a5cc0b1b-ab04-4b1b-8a2b-54047395876b'),
('bb759173-7452-4607-b7b1-68268b6756e0', 'f7b30a78-b024-11ef-9c26-d8bbc114656c'),
('eac5ac6a-3197-4889-a825-ab7a2a65d63e', 'f7b30164-b024-11ef-9c26-d8bbc114656c'),
('f62119a4-2779-4286-9bc3-c7eef8f0f313', 'a5cc0b1b-ab04-4b1b-8a2b-54047395876b'),
('f62119a4-2779-4286-9bc3-c7eef8f0f313', 'f7b30164-b024-11ef-9c26-d8bbc114656c');

-- --------------------------------------------------------

--
-- Table structure for table `whiteboard_drawings`
--

CREATE TABLE `whiteboard_drawings` (
  `id` char(36) NOT NULL,
  `userId` char(36) NOT NULL,
  `courseId` char(36) NOT NULL,
  `chapterId` char(36) NOT NULL,
  `drawing` longblob NOT NULL,
  `createdAt` timestamp NOT NULL DEFAULT current_timestamp(),
  `updatedAt` timestamp NOT NULL DEFAULT current_timestamp() ON UPDATE current_timestamp()
) ENGINE=InnoDB DEFAULT CHARSET=utf8mb4 COLLATE=utf8mb4_general_ci;

--
-- Dumping data for table `whiteboard_drawings`
--

INSERT INTO `whiteboard_drawings` (`id`, `userId`, `courseId`, `chapterId`, `drawing`, `createdAt`, `updatedAt`) VALUES
('0dd6207a-ce46-11ef-953a-d8bbc18dd88a', 'bb759173-7452-4607-b7b1-68268b6756e0', 'e87fef61-cd53-4c84-9c5f-0e2e21e0a090', '646bbe35-7292-4b75-b531-3bdcb6c35d3f', 0x646174613a696d6167652f706e673b6261736536342c6956424f5277304b47676f414141414e5355684555674141415877414141484d43415941414144574c524f2f4141414141584e535230494172733463365141414941424a5245465565463774335675734e57645a422f434851696d495143746f344d4b6b6f41613467426946594b4156554b49684d6359596954597877654f46527a7864676d446745754e5a45324e4d3941595047424e6a346f306357347a474a6b5334415045414d536151474b534663684461346a666c32325633645762746d62586d6d586e656d642b2b6b64695a39333365337a50372f38312b3136793148684e2b4342416751474158416f2f5a78536f746b67414241675243344c73494342416773424d4267622b54526c736d41514945424c357267414142416a7352455067376162526c45694241514f433742676751494c41544159472f6b305a624a6745434241532b6134414141514937455244344f326d305a5249675145446775775949454343774577474276354e475779594241675145766d7541414145434f7845512b4474707447555349454241344c73474342416773424d4267622b54526c736d41514945424c357234454c67316f68345455543847684943424c59704950433332646570712b72432f6950585433716a304a2f4b35336743625167492f4462366c466e6c3562432f6d45666f5a346f626d38424b41674a2f4a666769302f6146766441763068786c454a6862514f44504c64724f654d66432f714d5238614d52386135326c725062537439776265586458325358662f79467474764c34666a434266342b4c347a6249754c4f6761554c2b3761754359486656723957725662677238712f327553666a4969626532595839717531354f534a4266374a6450733755654476722b6676764c5a5638334a6876356e47392f577a3234703778575a576143477a43516a3832536962474f675849754933656972396645533879703539457a30384c464c674e396d3264596f572b4f7534727a4872735833375837793278664f626178526c7a724d464250375a6850735a514f4476703964442b2f622b2f472f37476844346266647630656f462f714c63713030327447392f54305463736c70564a703544514f44506f6269544d51542b39687339744a567a663054637550336c62333646416e2f7a4c5a357667514a2f507375714933307849683758553578392b366f646d316158774a2f6d7465756a4266363232322f66667476393756596e384c666634396c574b50426e6f7977333042394678492f3356475572703179727a697049344a2f4674362b54426634322b33337345637a62492b4b75625335376c3673532b4c74732b326d4c4676696e7556552f61326772783735393963354e72302f67547a666237526b436633757448336f453839386a3470753274397a6472306a67372f345347413867384d64627458446b3045636e324c64766f58756e31536a775433506235566b43667a74743939454a322b6e6c6c4a55492f436c614f7a395734472f6e41764149356e5a364f57556c416e2b4b3173365046666a6275414238644d49322b6e6a4b4b6a3459456338394f4c4837586f4e6e6e544b596337597449504462373639392b2f5a37654d344b2b674c2f347848787a484d47646534324251522b32333231623939322f2b616f2f7430523865304841333371327663655048574f775932784c5147423333592f37647533336238357168663463796a755a4179423332366a37647533323773354b2f2f646950695a67774539686a756e38496247457668744e744f2b665a7439793668613447656f626e524d67643965592b33627439657a7a496f4666716275787359572b4f303139483052386330395a66757177765a364f5566465078635276333077304a6369346f5935426a664774675145666e7639375074436b2f736934736e744c5558464d776a3851455438706343665158494851776a3839707263336230642f767865525078736530745238517743416e3847784c304d4966446236725266377262367455533151362f702b4e316551722b784f56775562545873497846783630484a487346727134635a31666239316564334f304f36385446644647303173432f776657354b577a334d714c5976384c765030756d7544543845486859512b47316444506276322b72585574552b47424748763875766a6f69334c56574165646f5145506874394b6d72736d2f2f7676762f3632453750637971564f426e7957357358474852546b5037506a50463839627439432b7a3072374166314e452f47726d704d5a755430446774394d7a2b2f667439477270537676656d2b465233615737304d423841722b424a6c3076305339314f373161756c4c5878744c696a63346e384e746f6e5033374e7671305670554366793335787559562b473030724f384473757a66743947374a6171384e794b65636a445265794c695a55744d626f35324241522b47373279663939476e396171557543764a642f5976414b2f6a5962312f636e7544566672394f374645664650363077394f4f76484975495a422f2f315178487876474a314b6d646c4159472f63674e4754442b306632394c5a7754657a4964385930543857305255732b2f374339416e714d37632f43304d4a2f44726433456f384c764b717756506663337a4b727a38547566756639395a5a4a2f3867784878334a366c2b66302b72392b624f39734655622b6c665864766c3673572b737630734f2f4e5452662f3643355477664173783336502b7a364f59307139487837347832544b4749347449694477697a546953426c392b2f6548687776393344352b34747133536e314e3768536c522f39586f562b3650364f4c452f696a71565937634d77646d73445062632f2f524d54546336636f5033706e3848586c7131546755514742582f73434f625a2f66316935753744635876357052507a777a6a2b737a6f3146376a5757507272415479632b61344b7239753850422f3941524c7a6772426d64664a5841417a762f676e4368663955565576692f432f7a437a596d49543062457a524e4b394d73344165754d513776746a6165646358375771584f2b654876565744646b4c634b3465514943503839326a70483741762f544566485652375957624f334d49642f75474832762b6477544562644d58464c337871336e48446e487a63564530417148432f774b585269756f532f774c333535767841524e773663656e6445764b6a32306c53584a444430562b4570762b732f64653246327438582b6b6d64576d48595579364346637263375a5448417239444f665a7375442b3539336e5a44495830373054457a3539414d69623033784552727a7868624b63734c434477467761664f4e31566764384e4e2f545970713264696467624f727a76527142375038666a54317a6a56614866446674326f582b69376f4b6e4366774673552b59616b7a67767a38696e6a387774763665674c3642552f347849726f5065547638756631614b4e3931787671472f714b3847464c6f6e344737784b6b4359516e6c302b6359452f6932646b37333365715a7431332f6e4a2f443958576638766c745a793736717444336c2b575a774a6d6e432f784d336650484868763474305a453938782b33343858634d2f765134736a394c326f503965544e554b2f78537469352b3861624b466c59774f2f57387651557a747a2f5a4b33344b584772776a386455523858772f4971532f65486735315665683745324442713945646673476d58437070537542337077323967507665694f6a2b7a50657a4c3447356e736b6655767438524e78306846532b464c76654e4b52595177374b6d52723451792f67757375763365657336755a384a762b5530506369626c5a6e54787858344a3849743942705577502f3246322b58692f5574454c547a50314d2f744453687436563630616a304d58516c534945696a586b7a4476383776536876565637717256376e565864334d2f6b44395535744a306f5937493665384b346d6e4543326f4b6e6e484b48502f54456a72757442527458614b71735a2f49506c2f6a5a694868697a37722f4f794b2b76704448726b73522b4c5862663072674837764c392b4a743758356e564a663554503568766537794d7a6f34343567436630624d684b464f4466782f6a6f67583974546a4c6a2b685351304d6d666c4d2f75586c4432306e75737376637045492f434b4e47436a6a314d4476686e4f3356627533533161582f557a2b7856714f66554f6272466d7934774e7a61554b424a687770345a7a41392b4a7437643475585633324d2f6b5836786d36376a796975585448652b59542b4157614d444877373475494a34386f3234753349354232644d67537a2b52336e454e332b62595443317873417239414534365538423852386579442f393764515431325a4e6c44643174657642304a754b48446c6e6f6d33335a6934597447344264757a765650504f7a3753495378666650696265332b4c6c336455732f6b447a32693653352f365934667a4463324f46597563396654392b3239766a3469336a78537859753349364632634e68537a2b5337797939364d516e386f6f3235564e594445584834645955666a34686e6a697a646937636a6f585a77324a4c5035487445732b41464a66414c4e755767704939467844504f324d6633346d33394869395a34564c50354c764c58374b72492b63532b434f68566a7a737a6f47504e7037537536473772536c6a7245686736686b466c6e6f6d7679765a49356f7a4e6d364f6f667a437a364759503861352b2f69666959697636696c542f2f4e3756334747767576706e4338354831716a527a534c64643876664c4747444a527a376a372b304a2f58487339736f2f397a567a6e3054503672492b4a744d303832394e43414e324c4e4444316d4f49452f526d6e39593837647878384b66492f4a72642f624e53703433625833637279705a2b4a50523852545a6937496c2f4c4d4448724f63414c2f484c336c7a70316a48392f6a6d6376317134575a2b763571374f7065386935662f697838705142664750794d36666f432b39636a346c64476a756d46323546514f7a6c733643352f79694f2f59366e366e677a717a7655706d6d4d465a7a704f344d3845756341775133646b5930502f726f683461552b6439764558614637524b5a6138436641585a6f474c514f4158614d4c49457672323853394f4852763666623930416e396b417a5a343246394678506633724f732f492b49625a6c36764e77444f4448724b63414c2f464c56317a686e3645377972357636492b4b3052327a743967542f6c77396a5757626c5a4d7757577576503269475a6d4630654f4c66424851685535374330523863734474585368662b4d56646662645a586c537030687a5679706a3649474150346d4948356d35706957336b4759756652764443667a322b6e685052447a31784e41582b4f333165346d4b2b2b37794d3234454250345333547779683842667551456e54742b394b2f4a78412b666547784533442f7733675838692b4d5a50362f76656857374a63392f6c667a3469627571786c454d4c5857436746344a4f6d4f5a5936412b39694376774578717867534748506b567a376f39624750702b426a6d30304555456569486f70476d4f68583458376f632f68782b7a335033336a442f646b355a72324553425477313864656263642f6c393230632b5a694778735a65484676674c5153644f4d3751764f6e5a4b67543957617476484c585758337866344834364935327962743862714248364e507078627864436a645750474666686a6c505a787a4e42642f70776674394233726635665244786848385472726c4c67722b732f352b796e686e37337476652b46394c6d724d315962516773635a652f31424e4262596776584b5841587867386362706a7a2b67505466746e45584648596b3247626b396736484e763572724c462f677258684d4366305838684b6d37304839747a336667486b37314634492b5158386251325a2f714a706e385665385467542b6976696d4a6c425549504f6a6b77582b696b30582b4376696d3570415559484d443157374c794b65314c4e7557625441785142354157525445476851494f744f664f694659566d30774555436551466b5578426f5543447a51395836587269394f794a65314b42545579554c2f4b6261705667436977706b665853794e3138743273617654436277563449334c594547424c492b564d326a6d537331582b437642473961416f30495a49527a7870694e634b35627073426631392f73424b6f4c5a48796f5774594c7774557456363950344b2f65416755514b4332513858454c416e2b6c6c6776386c65424e53364168676147372f4b487658626871616234493553716870503875384a4e674455746751774a44642f6e644f334b48766e6e7432504b392b57716c693050677277527657674b4e4358787534434f4d337859523351657254666e7835717370576a4d654b2f426e784451556751304c4448326f5772666b6e34364950356934646d2b2b6d676732782b45436677354659784459683044335253575037316e712f52467834305143583451794557794f7777582b48497247494c41666761463333303764327645732f6772586a4d42664164325542426f574f505a464f315079524f43766342464d6164414b355a6d5341494743416c38636544726e336f69346557533966632f692b33376c6b58696e486962775435567a486f4839436777395a644f4a6a483042562b4376635030492f42585154556c6741774b666a59676e3971786a374c5035416e2b4669304467723442755367496245526a36694951784c2b414b2f425575416f472f41726f7043577845344e674c7546647437516a38465334436762384375696b4a62456a673147667a4266344b46344841587748646c4151324a4844734264786a4836346d384665344341542b4375696d4a4c417867666445784f3054583841562b43746342414a2f4258525445746967774e437a2b522b49694266307246666772334152435077563045314a59494d4355352f4e462f6772584151436677563055784c59714d4451433768397a2b594c2f425575416f472f41726f7043577859594f794871776e38465334436762384375696b4a6246686737496572436677564c674b4276774b364b516c735847426f612b634c455848543962554c2f425575416f472f41726f7043577863344e674c754e32577a353948784139477847482b2b4c544d35417444344363444735374154675865487848506e37683267543852624f7268416e2b716d4f4d4a454267724d505468616b506e432f7978736963654a2f425068484d6141514a5843687837416266765a49462f4a656c3542776a38382f7963545944416359457539482b705a372b2b37367a7534786e7541706f6e4950447a6249314d674d425842503477496e3779434969372b775775466f472f414c497043424234574f43744566464450523775376865345341542b4173696d4945446755514b5867392f642f554958694d4266434e6f3042416a30436e5442667765625a5151452f6a4c4f5a694641674d447141674a2f3952596f67414142417373494350786c6e4d314367414342315155452f756f74554141424167535745524434797a6962685141424171734c43507a5657364141416751494c434d67384a64784e6773424167525746784434713764414151514945466847514f41763432775741675149724334673846647667514949454343776a4944415838625a4c41514945466864514f4376336749464543424159426b4267622b4d73316b4945434377756f44415837304643694241674d417941674a2f4757657a45434241594855426762393643785241674143425a5151452f6a4c4f5a694641674d447141674a2f3952596f67414142417373494350786c6e4d314367414342315155452f756f74554141424167535745524434797a6962685141424171734c43507a5657364141416751494c434d67384a64784e6773424167525746784434713764414151514945466847514f4176343378356c6e2b4a694f63505450754669486875524878302b624c4d53494441316755452f6e49642f706149754473697070682f4b534c2b49534a755736354d4d784567734657424b65477a56594d6c313955462b436b2f3778583670374135687743427977494366396e723459735238626754707854364a3849356a5143424c7773492f4f5776684650763872744b373475494a79396673686b4a454e6943674d4266766f7358642f6d4877542b3246304a2f2b5a365a6b63416d424d61477a4359575732675250785952667a78517a31305238634b49754f6c4976554b2f55444f56517141564159466674314e64384c2f3053486e6458776733314331665a51514956424d512b4e553638736836684837742f71694f51464d434172392b7534522b2f5236706b45415441674b2f69546246333066456439726561614e5a7169525156554467562b334d6f2b73532b7533305371554553676f492f4a4a7447537971432f33764f504c2b43532f6b7474565031524a59564544674c386f397932524366785a47677844596e3444416237506e51722f4e76716d61774b6f43416e39562f724d6d462f706e38546d5a775034454248373750582f77696a33395a2f74382f66616262415545356841512b484d6f726a2f4773644476716e755730462b2f53536f67734c614177462b37412f504e4c2f546e737a51536755304b435078747456586f62367566566b4e67566747425079746e69634745666f6b324b494a41505147425836386e6331516b394f64514e4161426a516b492f493031394e4a797267703958356d3433643562475946654159472f3751744436472b3776315a48594a4b41774a2f453165544251722f4a74696d6177507743416e392b30346f6a336830523333716b4d4e73374662756d4a67497a43776a386d55454c4433645636486566744f6c64755955627144514335776f492f484d46327a722f7174447656754d6a6c74767171576f4a6a4259512b4b4f704e6e506756562b5a654c485165794c696c733273326b49494541694276382b4c59477a6f647a70766a3468583770504a71676c73533044676236756655315a7a316363725878374c2f763455576363534b436f67384973325a73477975696430586a4a795073452f4573706842436f4b4350794b58566d6e70696e422f366d49654f6f365a5a7156414946544251542b71584c62504f397649754a376a6e79687975477137653976387a7177716f304b4350794e4e76624d5a55304a2f6d36623578316532443154334f6b45466841512b4173674e7a794646335962627037534352774b43487a58784269424b667637337267315274517842465951455067726f44633835514d52636350492b72317861795355777767734a5344776c354c657a6a78543976653756587468647a753974354c474251522b3477316373587a372b7976696d3572414b5149432f785131353177576d4c712f37784d3558543845566849512b437642623344614b6348766a5673627641417371623641774b2f666f355971744c2f6655726655756a734267622b376c692b7934436e4237343162693754454a41544378794f3743464946764c4362796d747741744d45334f465038334c3061514a5439766539636573305932635275464a413446394a3549415a4262787861305a4d517847594b69447770346f352f6c79424b66763733567a657548577575504d4a584263512b433646745154733736386c6239376443676a383362612b7a4d4b6e377539373431615a31696d6b4e51474233317248746c76766c4f443378713374586764576c69676738424e784454315a7750372b5a44496e4542677649504448577a6c794f59457077652b4e573876317855794e43776a387868753438664b39734c7678426c76657367494366316c767335306d4d47562f33787533546a4e32316a5946626f3249313054457579506958514a2f6d30336536717138635775726e6257754f51566548684576757a62674779384e2b7135726f66384b6754386e73374757454a697976392f563434316253335446484a5545757276366a787755394e4749654a62417239516d74557752734c382f526375786578506f746a5950662b34512b487537444c613333716e372b3936347462317277496f654c66444f613376323364624f355a2f374262354c5a53734355344c6647376532306e587247424a347737582f63486b502f36486a424c344c5a6b734339766533314531724f5565673238642f5830546366486b516758384f71584f72436b774a2f6d367638393649754b587159745246344553423236343972644e7437547a75346e794266364b6b30356f516d504c43627265674c767a2f4e794b653373547146456e67616f4648684c37417678724d4565304c544e6e6676377a6154776a2f397074764264474666766647717873457671746854774a543372683136484a2f524e79344a797872335a544146377272562b4276717163574d304a677976372b304844436677533051306f4a5050526376734176315250464c436a5142662b724c722b6764654c63777639454f4b63744b694477462b55325757574275634c666937365675377a66326a34554563397868372f664338444b687757457636746a6177494366327364745a345567626e437679764f457a38704c544c6f4349474858724231687a3943796945457267743034662b5369486a6144434c4366775a455134775765506944314c786f4f39724d6751516549544448307a3764674637306457466c43776a386247486a373070412b4f2b713355307474727568654f7846786537776d2b7164596873516d477666763773722b3975492b4e344731717a4565674b7675786230627a6f73532b44586135534b74694d775a2f6a376a4a2f745842665a4b2f6c635244796862784b426e30317666414a664668442b726f52736754736a487672636e4d4566675a2f6441754d54654c53414a33356346584d4b3947376639457a776f4d43666b39315942453454384b4c766157374f69686a63766a6e4175537369626866344c686b43745153456636312b564b316d37463339357950696952654c4550685632366b75417650742b336550357632644a33366176365465456848666466317a6352342f596a5776762f626867472b2b664a7a414836486d45414946424f5a3630626462537664572b2b366e6538647639385559647852596e7849654b6443462b303945784a4e4f2b45545868375a762b6b41467673754d514873436334622f5661767633672f777855762f5148542f307a385356366d4e2f2b39647348632f7237332b66782f2b2f746e78517a783835434f326277542b43594a4f49564263594d6e77483074782b492b456679432b4c4865784a664f38362b392b6e664f472b3148624e774a2f374f58714f414a74436e54682f2b4b492b4e72477674786f693339466e4c4d6c4d2b5871752f4b752f764a67632f344c4d365649787849676b43387731784d2f2b5a564f6e2b48423661656b6e394856644d36577a4e67434c2f364276476e734352664843667970596f346e304b5a41462f37664852466a6e75356f63345862724c7037777172372b574245764f44634a5172386377576454324162416d2b3974497958586672632f2b364c4d2b5245666f2b37752f5948356772326f5849314d722b525a6943775659474c667951752f7750527264566645636337507574642b35534c532b42503058497341514c6e434f7a787234677533443854456638317835624d4f666a6475514c2f5845486e457943514b644433563053332f664851643751572b2b6c65744a316c727a31725851492f53396134424167514b4359673849733152446b45434244494568443457624c474a5543415144454267562b7349636f68514942416c6f44417a3549314c67454342496f4a435078694456454f41514945736751456670617363516b514946424d514f415861346879434241676b435567384c4e6b6a5575414149466941674b2f57454f555134414167537742675a386c61317743424167554578443478527169484149454347514a4350777357654d53494543676d4944414c395951355241675143424c514f426e795271584141454378515145667247474b49634141514a5a4167492f53396134424167514b4359673849733152446b45434244494568443457624c474a5543415144454267562b7349636f68514942416c6f44417a3549314c67454342496f4a435078694456454f41514945736751456670617363516b514946424d514f415861346879434241676b435567384c4e6b6a5575414149466941674b2f57454f555134414167537742675a386c61317743424167554578443478527169484149454347514a4350777357654d53494543676d4944414c395951355241675143424c514f426e795271584141454378515145667247474b49634141514a5a4167492f53396134424167514b4359673849733152446b45434244494568443457624c474a5543415144454267562b7349636f68514942416c6f44417a3549314c67454342496f4a435078694456454f41514945736751456670617363516b514946424d514f415861346879434241676b435567384c4e6b6a5575414149466941674b2f57454f555134414167537742675a386c61317743424167554578443478527169484149454347514a4350777357654d53494543676d4944414c395951355241675143424c514f426e795271584141454378515145667247474b49634141514a5a4167492f53396134424167514b4359673849733152446b45434244494568443457624c474a5543415144454267562b7349636f68514942416c6f44417a3549314c67454342496f4a435078694456454f41514945736751456670617363516b514946424d514f415861346879434241676b435567384c4e6b6a5575414149466941674b2f57454f555134414167537742675a386c61317743424167554578443478527169484149454347514a4350777357654d53494543676d4944414c395951355241675143424c514f426e795271584141454378515145667247474b49634141514a5a4167492f53396134424167514b4359673849733152446b45434244494568443457624c474a5543415144454267562b7349636f68514942416c6f44417a3549314c67454342496f4a435078694456454f41514945736751456670617363516b514946424d514f415861346879434241676b435567384c4e6b6a5575414149466941674b2f57454f555134414167537742675a386c61317743424167554578443478527169484149454347514a4350777357654d53494543676d4944414c395951355241675143424c514f426e795271584141454378515145667247474b49634141514a5a4167492f53396134424167514b4359673849733152446b45434244494568443457624c474a5543415144454267562b7349636f68514942416c6f44417a3549314c67454342496f4a435078694456454f41514945736751456670617363516b514946424d514f415861346879434241676b435567384c4e6b6a5575414149466941674b2f57454f555134414167537742675a386c61317743424167554578443478527169484149454347514a4350777357654d53494543676d4944414c395951355241675143424c514f426e795271584141454378515145667247474b49634141514a5a4167492f53396134424167514b4359673849733152446b45434244494568443457624c474a5543415144454267562b7349636f68514942416c6f44417a3549314c67454342496f4a435078694456454f41514945736751456670617363516b514946424d514f415861346879434241676b435567384c4e6b6a5575414149466941674b2f57454f555134414167537742675a386c61317743424167554578443478527169484149454347514a4350777357654d53494543676d4944414c395951355241675143424c514f426e795271584141454378515145667247474b49634141514a5a4167492f53396134424167514b4359673849733152446b45434244494568443457624c474a5543415144454267562b7349636f68514942416c6f44417a3549314c67454342496f4a435078694456454f41514945736751456670617363516b514946424d514f415861346879434241676b435567384c4e6b6a5575414149466941674b2f57454f555134414167537742675a386c61317743424167554578443478527169484149454347514a4350777357654d53494543676d4944414c395951355241675143424c514f426e795271584141454378515145667247474b49634141514a5a4167492f53396134424167514b4359673849733152446b45434244494568443457624c474a5543415144454267562b7349636f68514942416c6f44417a3549314c67454342496f4a435078694456454f41514945736751456670617363516b514946424d514f415861346879434241676b435567384c4e6b6a5575414149466941674b2f57454f555134414167537742675a386c61317743424167554578443478527169484149454347514a4350777357654d53494543676d4944414c395951355241675143424c514f426e795271584141454378515145667247474b49634141514a5a4167492f53396134424167514b4359673849733152446b45434244494568443457624c474a5543415144454267562b7349636f68514942416c6f44417a3549314c67454342496f4a435078694456454f41514945736751456670617363516b514946424d514f415861346879434241676b435567384c4e6b6a5575414149466941674b2f57454f555134414167537742675a386c61317743424167554578443478527169484149454347514a4350777357654d53494543676d4944414c395951355241675143424c514f426e795271584141454378515145667247474b49634141514a5a4167492f53396134424167514b4359673849733152446b45434244494568443457624c474a5543415144454267562b7349636f68514942416c6f416430335543414141425a6b6c45515654417a3549314c67454342496f4a435078694456454f41514945736751456670617363516b514946424d514f415861346879434241676b435567384c4e6b6a5575414149466941674b2f57454f555134414167537742675a386c61317743424167554578443478527169484149454347514a4350777357654d53494543676d4944414c395951355241675143424c514f426e795271584141454378515145667247474b49634141514a5a4167492f53396134424167514b4359673849733152446b45434244494568443457624c474a5543415144454267562b7349636f68514942416c6f44417a3549314c67454342496f4a435078694456454f41514945736751456670617363516b514946424d514f415861346879434241676b435567384c4e6b6a5575414149466941674b2f57454f555134414167537742675a386c61317743424167554578443478527169484149454347514a4350777357654d53494543676d4944414c395951355241675143424c514f426e795271584141454378515145667247474b49634141514a5a4167492f53396134424167514b4359673849733152446b45434244494568443457624c474a5543415144454267562b7349636f68514942416c6f44417a3549314c67454342496f4a2f442f45386f6b354a734677694141414141424a52553545726b4a6767673d3d, '2025-01-09 04:56:14', '2025-01-09 04:56:14');
INSERT INTO `whiteboard_drawings` (`id`, `userId`, `courseId`, `chapterId`, `drawing`, `createdAt`, `updatedAt`) VALUES
('5320cfea-cc6b-11ef-89ee-d8bbc18dd88a', 'bb759173-7452-4607-b7b1-68268b6756e0', '3e9ebee8-92c1-457d-a6e5-356dd214b5c0', '4134a928-2e38-4286-8eab-b51b31f1b4b4', 0x646174613a696d6167652f706e673b6261736536342c6956424f5277304b47676f414141414e5355684555674141415877414141484d43415941414144574c524f2f4141414141584e535230494172733463365141414941424a52454655654637746e57334d4e55645a782f2b325435474368714a476b555274775264696c43674a30555265457a51784b6846544662356f45434642535141784d544656697a584752417959494562772f51737147416751545877746f522f552b4935523141425649327169556732326861654939325876303536656e743264325a325a76656161332f4d4a65732f4f584e66766d7632644f624e37646a394a2f494d414243414167534549664e4951575a496b424341414151674934544d4a4941414243417843414f4550556d6a5368414145494944776d514d516741414542694741384163704e476c434141495151506a4d4151684141414b4445454434677853614e43454141516767664f5941424341416755454949507842436b3261454941414242412b6377414345494441494151512f6943464a6b304951414143434a383541414549514741514167682f6b454b544a675167414147457a787941414151674d416742684439496f556b5441684341414d4a6e446b414141684159684144434836545170416b424345414134544d484941414243417843414f4550556d6a5368414145494944776d514d516741414542694741384163704e476c434141495151506a4d4151684141414b4445454434677853614e43454141516767664f5941424341416755454949507842436b3261454941414242412b6377414345494441494151512f6943464a6b30495141414343443976447478333150796176455044746f5a44324e4b53574451433059542f7678734c464933485268797244762f45355648766b76546356543177454151675549564137344b7a466265744d4876506f3070786e5856362b4344674734477a7768444f4f415236457957436a7a45336b582b4d4f704a465a775236454c3574302f51515a32656c64784d75386e645443674b4a5473436253413872654f50754c62616c7558415131314b3743482b765652746a61422f7756794a414967634965434e513638524e79624f6d3345764b31775430473179416e4378706a5470612f626a6f6d334957305159434751526143503959434456583769594a4c67686d464c39423034386666564e624d39656f61594d694d635134424e6163684f666f31466a6c4c565742566541534958392f5833765233543434324f627856303869366f78416a764250373348504f6259454667526667714b6650746249482f483771522b526445676752396f6c39385654554848335267716c4747314d2f74636d706f4c304530485244414b6e424c77496e31396e4d6a654e514b7234632b59745a434541675573434f53644f7152552b4b33656d33784b4270643965734d706649736a664958434751453368732b664f6c4e744359476d5050326675626f6d4459794551686b447153664d6f53522b5a79506f65536662333433393353726f7044435553325a50413144644c62746e637379714d33535742564f48504a666442535463692f43377233305051632f7636372b5148635432556b426939454544345869704248484d45707662305765557a62794351515144685a38436936573445356c6235584d44647253774d3342754245734c2f734b516254684b2f53394a6a65344e42764b344a4948335835534734486767672f42367152497748416e4f33427250535a35354159494641436548625854715050426e6e586b6e585178384368516b732f5443727848777548444c64516341506752496e794e557a44376179452f4d3650326b535353414363394c6e496d366751704e4b65514949767a785465717850414f6e585a38774941516d55454c37746e5a342b683935756f30743947465a41724b5455674d44633478653450373942415269695077494976372b6145664744424f616b58324a7577786f436f5169554f436c5934596561456c306c77395a4f562b5569324c304a495079394b38443457776c77662f35576768772f4449455377702f36576c32693732454b51614b624350446f685533344f4867554169576b50485779636546736c466e6b49382b70483257566d4f4d2b4d69514b4347776b554f4a6b6549656b627a6754422f64456279774f683263526d4e726159654752685a48476b516d55454c37784f626536517669525a343750334a694850757443564534496c424c2b75573064684f2b6b79414f467762624f514d556d3158774343442b66475566344a63414e424835725132514f434342384230556768474945707662782b625a5a4444456439557741346664635057492f5234427448655946424359494948796d526a5143334a4d6672614c6b5534774177692b476b6f3663454a6a37355732702b65346b56634b415142364255696341642b6e6b6361643158514b73387576797066644f4353443854677448324c4d45574f557a51534277686744435a3170454a6341715032706c795773314159532f47683048646b4267366f346448726651516645497354774268462b654b5433364963417133303874694d5142415954766f416945554a5841314372665874787a70657249644134425a77515176724f434545357841767a36746a68534f757956414d4c7674584c456e554f4158392f6d304b4a7457414949503278705365794941413956597a704151424c435a78714d514943586f3478515a584a634a4944774678485249416742586f3453704a436b735a3441776c2f506a695037496f44772b366f583056596767504172514b564c6c7754597833645a466f4a71535144687436544e5748735351506837306d647346775151766f737945455144416c79346251435a495877545150692b36304e305a516d776a312b574a373131526744686431597777743145414f46767773664276524e412b4c3158634676387a355430376d3164644855302b2f68646c59746753784e412b4b574a2b75325074354a4a374f50376e5a3945316f4141776d384132636b5143502f2b5172437434325243456b5a3741714d4a2f305a4a487a69442b66636b506163392f71596a496e7945333354434d5a672f41694d492f7944356c46776a76776b4a3464392f2f72475037383944524e534951496f4555304c784b704f2f6b2f51464b516b6374624639337573796a2b6d68756463617457593374592f504331466156344c786d684f494c507731736a2f733856375476424c3142305434447a4a6d48372f2b66474d456877536943762b664a54312b4a572b54515454683237625742382f77694a687253746c3549556f4b4a647145497842562b46503774436b466a436a4274306e36786f6e6b53383242464c5a653272435037365553784e4755514b6d5433654e327756524d537a6c48465036484a6433414376384241727a6e74716c6d474d774c6753583570636270556667572b3346635679585a566f397462387a3973324f75545532386b335a5457786752503978535338492b66696f70326f556845463334422b6d62784b3963376d4d7643642f75303339696d41704c543550306e6f6c384550354477597a4d493943554a35557041694d492f7a6833753341354a2f786f737266632f3062536b78442b777768342f56614b725342516a5144436678447465795539755272702f54716575344139386f6f57346538334a786c354a774b6a43582f71347158684c38566970314b6548665a6d53572b5a43516a687336586a616234535332554370535458793270705376696c4f465175563362335331745943422f685a3038714475695851436e5239584a66387a6e683379487036663257634462797557383064694443522f6842707a35706e534e51537667666b66546f4d774f5536723955395534462b485a4a7a79765675634e2b37704830534c5a307a684c6f3556757077326c46534c30534b436e6b4875357250685a2b644e6e626e46775366735466484b53656977672f6c5254747768436f4c58774456584b4d726541507768394239696e436a33676261756f635166697070476758686b424a476665776a2f2b2b792f765349322f6a48452f4f5779352b4e587a627847776457666147424f47483052694a7042496f4b667970666679524c77796d3171466d753964496574584a414b504c487548586e484830375a5a41536546626b6a337334377374527358416a7155663951646d75666859346563536f33333342456f4c6e355049373551773658394e304638547236484f584631446a574f364a6f4477757934667757386767504133774f505150676b672f443772527454624353443837517a706f544d43434c2b7a676846754d5149497678684b4f757146414d4c7670564c45575a6f417769394e6c50376345304434376b7445674a55494950784b594f6e574c7747453737633252466158414d4b767935666548524a412b41364c516b684e434344384a70675a78424d42684f2b70477354536b67444362306d627356775161434638533754304f433767455554584242422b312b556a2b445545536f7434366746715045396e545855347069594268462b544c6e32374a4642612b48644c756e34695536547663676f4d477854434837623034795a6557766847636d715662332b37642b5944596477716b506b654242442b4874515a633163434e59512f4a3331572b6275576d3847504343423870734e7742476f4a662b72566567682f75436e6d4e6d4745373759304246614c51433368543633794558367453744a764c6747456e30754d3974305451506a646c35414556684a412b4376426356692f4242422b7637556a386d30454550343266687a644951474533324852434c6b494159526642434f6439455141346664554c574974535144686c36524a58313051515068646c496b674b7842412b4257673071567641676a66643332497268344268462b504c5430374a5944776e526147734b6f5451506a5645544f414e77494933317446694b635641595466696a546a75434741384e3255676b4161453044346a59457a335034454550372b4e534343665167672f4832344d2b714f42466f4c33314b744f65614f4b426d364d77494976374f4345653532416a586c653158536c544d683168787a4f7846364749554177682b6c307554354149486138725748705a332b34774671544541504242432b68796f5151314d43434c387062675a7a524144684f796f476f625168554676346e4652743673676f2b5153596d2f6e4d4f4b4a7a416836462f78524a66396f3556384c33547744682b3638524552596d344533342f796e70735a4a736e2f39466b6e3668634c353042344544415954505842694f674466686e31376b35514c7663464f795763494976786c7142764a43774a50777a35324178736d6b2f32464a6e2b3446476e47344a48436a70472b2f2b4a334871784f6a512f694a6f476757683441583464764a2b7345467250386d36584678304a4e4a59514b48623465334a6b6f6634526375414e33354a2b42462b5039787558652f464d38335333717266367845324a694166514f3834576a4d464f6b6a2f4d5a4659726a394353774a646d754575536656335a4b756e786d555066327446596c332f43736b76665a4d57692b553949737a3665624f7a586a6b79476734417436456277573455394c6e7a6a787a783037556134657246416d664933437a704c644d6f486d32704e735250684d484167385338436a385133525446334874372b7a6e4d34766e5a502f4b6979326531793067596f58504842714f774237434e3867666e336977326d6b423571545066763577302f5742684f646b6639666c3961416c4f67682f6952422f443064674c2b476e53762f396b703477515a33392f4844544d536d684f646d6e4c69527349495366684a74476b516a5546763539432f76744b53666f7630723672416e6f374f64486d6f334c7562784e306a664f4c414465494f6c6c79393338667775456e77694b5a6e45493142612b6b5a715466756f71665735727838617766723646577a626a544d777a6d5a7a65656e6e63784f716649337545483371716b4e7755675262436e354e2b7176436e5474427a6565583079637a77542b436c6b6e3571357136744e624a482b503772546f5156434c5153666f6b546247342f663072382f335478414c62507138434e4c74735165492b6b7079304d5a523847716473347831327870644f6d686f7a6969454250776a6473632f7635553168744266674d53586334346b346f3877527575626a3263397343704b33663542412b733341344172304a3377706b65376d505766457964433777396a473955316231716264657a6d574d385075594430525a6b454350776a394f662b35433368536d66325362702b414d4b746656617953394b71473774307436586b4b377053594966346b51667739486f48666848777279506b6c666d4c48715a3576483131532b6d766844764a4c7a466548376d674e453034424179524e6f4b6478574a316a4f6c732f576665436c6e506e3750494655306476316c36635868746c715068594f6d2b3467734a3541524f4566614e6a7a646a347a4551336250496d67436a583753306c666d74685872546d4b38424d4c514c4d3442477164544f6349375857434c66316f36784172327a7a313533587150723146556d4e5666357a6858764f78506d5647674d41456752474562366e6e3750477a7a56502b6444485266302f694e5262375a665a3135554e34574938497677466b687642465942546872396e6d53586e4f6a3639712b6f764752502f79784175794676315053507265526d6b672f45616747635950676447456679436673383344723358587a6465635830612f56394b543177327a2b69694576786f64422f5a4b594654683532377a574874572f4f6d7a334668646b394438377939767030316f5772774a77692b4f6c4136394578685a2b4966612f494f6b7a306e6358375a6a754c6737506176664b4f6e46435a4f2b3154373958436749503646514e496c46414f452f574d2b63327a675052336b516c35635a6d624b713938514c3458755a4f6354526a4d446577766532565a4a7a4e3839786b555a6539616575366c764f745a5154434f476e554b4a4e4b41497454384b3543365574343067706f46317776436c6a6d2b665170346e6656726f746269744d79614e326d37736c58623877694e65483169483832724f442f74305261436e61456d2b2b61673351666848364a537645483332762f38305876323134666b4978336954704a516e74396d6943385065677a706937456d6770664574305476726537344c356b4b5448725a432f7266722f54744b546471313075634654626d6e3175716f2f706f44777938304a6575714551477668473559705966547943396574712f346e534c717a6b2f6c7848476271717634446b7037595158344976344d6945574a5a416e73492f3744646353365476654a5a5333587471762f77626165487666353353507236784738325064555034612b6439527a584c594739547443705666356538577774344e5a562f312f7438457654705a787a524e2f4c717034746e615771382f665142505953374e52652f6c37786c43797972666f2f6532574848726131636b547649643656714d39754c6661637a316f4f48446351675430466179665836542f764632357a70736261577a735059396a4c515236524d2b4447746a6d697436482b52644c6a4e343635352b46733665784a6e3746334965424e2b46465857446b50456a7333456335394f4a61654d4b6c7a4955714e7a6a474e6b6c76707555462f5151696b6e75513130683378684e757931312b6a426a6c395270506869504d767039363044556867542b47502f70563636355a50712b6b5954665148627447334646764e4438627069414443393147736e486538746f6f3471756a6e684c2f6e2b644371726f777a4d4945394a2f6a6f4b2f787a303837446c6b3930305276337948654a4461777a556c38693445333446752b654d53337861766e33672f78626a706e7930704b57386451614b397276514770786f743967425061554b367573594a4f706f335151666b66464974527942505955766d58426e524c6c616b6c5036515359642b6d7361426d49674566687336305461494935544f555753626564695376536a2f34635969636b44775432466a35667254334d67724669594d364e56572b7950534b77742f436e3976464875464f456962675041625a7a3975484f71413449374331383976456454494b42516d41375a3642696b2b724443586751506c2b786d5a6d74434444585770466d484a634550416966327a4e64546f32515162476445374b734a4a564b7749507732645a4a7252627474684359576c68776438345771687a6246514745333157354348594467616c4854487335427a616b78714551534350675a624c7a584a3230657446714859477076587675426c76486b364d364a5944774f793063595363546d4a4b396465426c2f69636e51304d49624348675a634a7a393853574b6e4c73464947706666764464614e5248686248444948412f7850774c6e792b636a4e52747842674b32634c5059344e5238434c384f645759747846455737614e5575494337584e55444e5144775338434e39597364666177347a704b306275752b2b72586b52626d59416e34522f3256632b6c7a4e5a4f35596b517448766557787530734b53316a6f413334624f317336364f48505677416a644c6573735a4d4e376d504c574451444d434869632f577a764e79683936494f3738436c31656b6c7444774b50773264705a55306d4f4f535741384a6b544544676834465834624f30775662635334494c74566f496348343641562b4562614f3668446a66646d6955304e5865347862645a43526a494977485077702f6232764565743864616a78515439392b505647317954536267585a7a73777961586b6f5a48424e6a4f595470413441774237384c6e3553684d323177434c424a796964462b474149496635685344354d6f327a6e446c4a704563776c34462f3755506a362f764d327439426a74703734524d6c2f477144395a4c6842412b4579524b41546d62755874595a354871514e354f43625177346e4142546a484538684a61447a33336b6b68434d4d33675236457a30553433334e6f7a2b684d395059536b376c357a4c3333653161497356305236454834334b6e6a61737134434762756555764841624a3337364a63424f474651412f4335384b746c396d796278777071336c6b76322b4e474e3035675a36466232683769642f354e484166337477652f626e6757646d374c796b42376b4767463247796a372f48375041785a6f3773456232506d68474655774b39434a2f377135314f6f4d706870636f6530566375424e3348494e434c384e6e486a7a486663724a596b72314a3372373558636e706c4c5951474a6c4154384a6e573265636d5a6f69653773646b33385167454147675a36457a375a4f526d4537626f72734f7934656f66736d304a507770375a31446f543567593376755a595333644c3939657a567031436b4451516d4350516d6649515163796f7672656f50482f5a733438537350316b314974436238465045594f6859375465615141574757666f51522f5946494e4d464249784162384b336d464e2f63636e586639397a505058446d7a72367269505264555367522b4566384336744442474633346d34564c74443544335054372f306957785941723266554575722f64377a697a5978553058506833573079704f5043774a526844676e457553782f31524c33623770645a747866384a4541494545416c4745663769774e356379346b2b59454957624c4830444f78364f2b685347543363514f435551536667353277565266354c2f55556d663747436149336f485253414543455157667336327765456251535478587a313672737a4864684a2f6a7569744274772b69354d67304a42417042572b59637356546954706e4c3737742b5557535337336c724531504a305943674b2b435551542f6f48326141493658743066474c5351366d6963665a2f4e5241654242514a5268582b63647535577a37457765396e794f56336448376173536a2b4b77466a6176304f2f71664f6e785963504a7a7345494944774879435175786f39484f68396e2f6b706b76376b544a3233535062417972704e6c6671357162596c426b3565434543674d4945744a335068554a703164323431764453346430376e376c4261493975314834716e2f4e614d765651442f6734424347776b3446316b47394d37652f69614c5237764174737166455266593662524a775363455268522b465943452b536137596f31337735616c6679306c6a6d7862703048336a385157395741635344676d7344574539313163706e4248562b51684d7379764d4d4853756b4c7738736a3077494345466846414c476478356236713931563044733636506862416d4c7671484345436f467a4242442b2b586d785a70382f3067786a69795a534e636b4641697633734563434e364c30456631494d35786368795041436e2b2b354d66336f33756648467375326c7075624e6c34727a44785157416a4159532f45614354773766656c756b6b44634b4141415271456b44344e656d32367876687432504e5342446f6c67444337375a3044776b633463656f49316c416f436f42684638566237504f4558347a314177456758344a4950782b613363634f634b5055556579674542564167692f4b74356d6e5350385a71675a43414c39456b44342f64614f4658364d32704546424a6f5251506a4e554663646942562b56627830446f45594242422b6a446f692f4268314a41734956435741384b766962645935776d2b476d6f456730433842684e397637646a446a314537736f42414d77494976786e7171674f7877712b4b6c38346845494d41776f3952523451666f34356b415947714242422b56627a4e4f6b66347a56417a454154364a5944772b363064652f6778616b635745476847414f45335131313149466234566648534f515269454544344d657149384750556b537767554a554177712b4b74316e6e434c385a61676143514c38454548362f74574d5050306274794149437a5167672f47616f7177374543723871586a71485141774343443947485a65452f7a2b53726b394d395632536e7076596c6d5951674542484242422b523857614358564f2b4e386e366363793033776e3073386b526e4d496445414134586451704951517034522f725354373235702f6e3542307a5a6f444f5159434550424a414f4837724574755646504374333632314e696b2f79325333706f62454f30684141462f424c62497746383234305830476b6d76624c41535a34746e764c6c467867454a4950772b69377046394c5a71502f6476615334672f54376e436c4644344145435379633571487752574374366b2f796831725976663037363176657246744a6c58392f5866434161434751525150685a75485a7276466230683443747a6e3868365557532f6e676869335058413434505956392f74326e417742445952674468622b4e582b2b68624c6c626d7231363552332b38697638555358646e4250746e6b7235736f54316250426c4161516f4244775151766f63716e492f684c6b6d50325244653175325864306a36686f587850793770796f59594f52514345476849414f4533684a3034564d70652b714572323335356f7151506e4c6e396371767762597955574e6a69535377737a5343774e77474576336346486a722b3163515638304830643134657676526f6861315a4c753372572f392f4b2b6c4a57776669654168416f42344268462b5062553750507966704f78494f4f4258393855722f744a596c56766a484961587336375061547967695453437746774745767866352b38653169374b3353724a48494d7a394d35452b51644a6852582f617476594b2f7a44656d7955395077485a723179732b462b513049346d4549424151774949767948736b36482b55744b584a677a2f586b6c50586d6a585376687a33796a4f66516774665a416c7045385443454367464147455834706b656a387046304b74742f736b585a6659625776685731697339684f4c517a4d4965434741384e7457346d4f4a456b395a31523948766f667762587a626b767268684165306666546945633250624975613053414167564d43434c2f4e6e4569394b477433365478695255683743663851366839492b6f71456261647635636d624b36724c4952416f524144684677493530303371725a59337a56795558597079622b4566567675334c5155713655325358704c516a695951674542684167692f4d4e436a376b70656c46324b306f5077447a462b534e4a6e4c775363633331694b58662b446745494a424a412b496d674d707139564e4c724535352f552f4b78424a364562366a654b4f6e4643637a654c656c5a4365316f416745494643434138417441504f72435868622b7149517563792f4b4c6e587054666948654f31444c655531696262745a52642f663251705566344f415169734a34447731374d37507649396b7036573046577472517976776a636b743074365a674962612f494453442b52464d306773494941776c384237656951314e7353375a4366763377652f6259527a782f74576667577357317a2f565443375a747237314b71775a512b4952434f414d4a6658394a37457538747433767650336e394d456c486568662b49596e33587a34695969367066303234364a734568555951674d4244435344382f426d52756e3354517653483648735276735672767a522b2b634a545162394c306b2f6e6c34596a494143424f5149495033312b32505a4e796e336d31754d646b7036653376586d6c6a304a2f7a6a5a6a3068363945543253482f7a744b4144434c44437a35304474762f3875735266774e7072424b63456c6a747554767465685738357a74334a672f527a5a674674496242416742582b504b44553279786262742b636937686e34533939632f7076535639332b61324a45786f43454e6841414f4766682f646153613949354771722f31636d74713356724766684778503746765747475468324f2b757a6b58367436554f2f6f7842412b412b74644d3732546574392b726b35326276776b66346f7869485058516b672f5076786d2b682f39474b762f6f61456174777236667145646932625242422b6976542f58644a544e7a786b726d564e474173433767694d4c76776330647472426e2f51365339426f776a66547043624a646e6a70443931346f64614c355430692b374f4a414b43514163455268562b6a7569746a4a36326238354e71306a43502b526e34726533616c303553686a5a647941565176524c594454683534702b723973736332644d524f45624133732b306473756e6a3736475a4b51666536736f4430455467694d497678633064386c366245647a5a616f7772635333486a3543475732635471616b4954716b304230345563582f5746575252612b7a7a4f48714344514959476f776839463941692f77354f4f6b4347774634466f7772634c6666624f314a54624b34313562317333552f4f45466635655a78446a5171416a4170474562362f4c653059692b7969695a3457665748436151514143556754686e377439623671323055535038446d4c495143425a414b39432f2b446c3364784c4355635666514966366e792f42304345486941514b2f4354313356527863397775646b686741456b676e304b50795556623039557663787952543662386846322f357253415951714536674a2b472f58704b3945474d755a6e76656a54316d3932585679666b61414f483771676652514d416c67523645623973335035367756332b6e704a746355713466464d4b767a356752494e413941632f43742b656f3244746b6e375641656452562f544557684e2f3971556743454b6850774b50775530567664455a65315350382b7563484930416746414650777265485a503143776f7265436d437676487542704c6547717362365a466a68723266486b524159686f4158345a76733765366270582b3266664d50412b2f56542f46422b45737a6837394441414975666d6d624b7676624c31396b54646b65546744684d79736741494646416e757638464e6b6a2b67587979694576387949466841596e73446577762b68697772634f6c4546524a382b5052462b4f697461516d4259416e734c3338436653742f75764c4858325a6e772b5a6447414f476e636149564249596d3445483478394a483975756d49384a667834326a4944415541532f4350306a666e6d6e50796a352f43694c386647596341594868434867532f6e44774379614d38417643704373495243574138474e554675484871434e5a514b41714159526646572b7a7a68462b4d39514d4249462b43534438666d743348446e436a314648736f424156514949767972655a70306a2f47616f475167432f524a412b5033576a68562b6a4e715242515361455544347a56425848596756666c57386441364247415151666f7736497677596453514c4346516c67504372346d33574f634a7668707142494e417641595466622b3359773439524f374b4151444d43434c385a36716f4473634b766970664f49524344414d4b505555654548364f4f5a41474271675151666c57387a5470482b4d31514d7841452b69574138507574485876344d5770484668426f526744684e304e64645342572b465878306a6b45596842412b4448716950426a314a457349464356414d4b766972645a3577692f47576f47676b432f4242422b7637566a447a394737636743417330494950786d714b734f7841712f4b6c34366830414d4167672f52683052666f77366b67554571684a412b4658784e757363345464447a554151364a634177752b3364757a68783667645755436747514745337778313159465934566646532b6351694545413463656f49384b5055556579674542564167692f4b74356d6e5350385a71675a43414c39456b44342f64614f5066775974534d4c4344516a675043626f61343645437638716e6a704841497843434438474856452b444871534259517145706a417961714141414b4f306c4551565141345666463236787a684e384d4e514e426f463843434c2f663272474848364e325a4147425a675151666a505556516469685638564c3531444941594268422b6a6a67672f5268334a41674a5643534438716e6962645937776d36466d49416a3053774468393173373976426a31493473494e434d414d4a7668727271514b7a77712b4b6c63776a4549494477593951523463656f49316c416f436f42684638566237504f4558347a314177456758344a4950782b61386365666f7a616b5155456d6846412b4d315156783249465835567648514f675267454548364d4f694c384748556b437768554a594477712b4a74316a6e4362346161675344514c77474533322f74324d4f50555475796745417a4167692f4765717141374843723471587a694551677744436a31464868422b6a6a6d514267616f4545483556764d3036522f6a4e55444d5142506f6c67504437725231372b4446715278595161455941345464445858556756766856386449354247495151506778366f6a77593953524c4342516c514443723471335765634976786c71426f4a417677515166722b315977382f5275334941674c4e434344385a7169724473514b767970654f6f644144414949503059644558364d4f704946424b6f535150685638546272484f453351383141454f6958414d4c76743362733463656f48566c416f426b42684e384d64645742574f46587855766e45496842414f4848714350436a314648736f424156514949767972655a70306a2f47616f475167432f524a412b5033576a6a3338474c556a43776730493444776d3647754f6841722f4b7034365277434d5167672f42683152506778366b6757454b684b414f465878647573383350437438477062374d534d4241452f424e41435035726c424968776b2b685242734944453441346365594146636c58546d547974394b656c4b4d464d6b4341684459536744686279586f352f68506e416e462f747331666b496b4567684159453843434839502b6d58485a6c756e4c453936673041344167672f546b6e5a316f6c54537a4b4251425543434c384b317430365a56746e4e2f514d4441482f4242432b2f78726c52496a7763326a5246674b44455544347351724f44374269315a4e7349464355414d4976696e50337a71597533503675704f6673486830425141414375784a412b4c76694c7a37346c504274494b526648446364517141764167692f72336f745254736e664f374a58364c48337945516e4144436a3158674f65477a796f395661374b4251445942684a2b4e7a50304264306a36716f6b6f37354e306e66734d43424143454b6843414f4658776571695532375264464547676f43414877494933303874536b66434c5a716c6964496642446f6e675041374c2b424d2b41672f626d334a44414b7243434438566469364f416a686431456d676f52414f7749497678337231694d682f4e6245475138437a676b67664f634632684165777438416a304d68454a4541776f39593166747a517668786130746d45466846414f4776777462465151692f697a49524a415461455544343756693348676e687479624f65424277546744684f792f51687641512f675a3448417142694151516673537133702f5478382b38774e772b424b364e6d7a4b5a515141436377515166747a356766446a3170624d494c434b414d4a666861324c6778422b4632556953416930493444773237467550524c4362303263385344676e41444364313667446545682f4133774f42514345516b672f49685635614a74334b71534751513245454434472b41355035515676764d434552344557684e412b4b324a747873503462646a7a5567513649494177752b69544b75437643727079736d52764f4a7746556f4f676b414d4167672f526833505a594877343961577a434377696744435834577469344d516668646c496b674974434f41384e7578626a3353505a496565544c6f765a4b756278304934304541416a3449494877666461675242634b76515a552b496441784159546663664557516b66346357744c5a6842595251446872384c577855486e6850384a53532b51394b74645a45435145494241555149497679684f563532646578372b4963412f6c7652555639455344415167554a304177712b4f654a634258694c705a785a472f6c314a7a396b6c4f67614641415232495944776438466566564462756b6e35682f52544b4e4547416b4549495077676862784d34343253766c4e53546c3174362b65316b723433466771796751414554676e6b6941463666676d73456631704e6e387536637639706b686b4549444156674949667976426659387649667254444e347036626e377073586f4549424144514949767762562b6e3357455031783148386f36537672703845494549424153774949767958743757506c6974347533713674735431652b6652706d39737a6f41634951474133416d746c7346764167773638527654506b5051345362393252766f2f4a2b6d724a583375416b2f3777506a42432f482f794b4463535273436f516767664e2f6c584376364f3437532b67394a6e336153357532536e693370357374663356367a674f46584c6e2b68363573573055454141724d45454c375043574a43666d5a47614c59537478583973656750682f2b2b7047644e43502f776e39387336666b4c343748466b3145516d6b4c414977474537366371756174356933784f39446e4374376132326a2b332f584e4d69433065502f4f4653434351545144685a794d72666b4475616a355639496441662b6a6966397836457258392f3164505a504a5253593967693664346e656b514172735451506a376c47444e616a35583946737953396e69755676536f37634d77724551674542624167692f4c653831712f6d576f6a2b6d6b624c465934396c654a6d6b6e32364c6b644567414945314242442b476d7035783778473076657376422f65746c644f58314f594e2f7232316e4f50575437302f75347a463461336a307750454942415551494976796a4f427a6f7a79623943307255727572634c6f302b51644f654b59327364386a354a583754514f6176395776547046774b4643434438516941767537463937625576436665776d702b6a6b5872643455325337486e382f494d41424a775251506a62432f4b626b72354730744b506c38364e354845317630544537736466797656717770302b532b5077647768416f444142684c384f714c3054316935714c6f6c76716e6676712f6b6c4b726261662f465349306d7339684d6730515143725167672f48545374317a38304d6e7561562f375144466247582b2b73373335394f7766336a4c31735178323548396476706a6c7256734735466749514741624159532f7a4d38654e5062744b792f41326f564d4f7a37796e7659665a6234512f554f535869344a2b532f50505670416f43674268442b4e38324f53726c74423279527664396738636357787652365363732f2b615737473662636b6657327653524d3342486f6a6750416657724574327a62335348705562784f67634c7a767637796c4e4c66622b7934663963426a6d48504a30523443475151512f763277316d3762524e75587a3567366b3033744e7769325a62506d576f65742b7530364365497655516e36674d414a6764474676326262786c616a5878446f346d764e6b324c744c617432752b6f76535870687a65446f47774b6a455268522b4c5a74593239787974326635393779395765483766482f704b5448722b6a436e76482f394258486351674549444434437638396b7036574d51747379385a576d692f4b4f49616d3877524d2f6a38723654475a6f503561307466787a53715447733068634552676c42572b7265707679366738327a595a734459307453326635325475393939312b614d7662757663414a3544787951776776427a56765673322b787a4874693372742f4f6644496f34742b6e566f7a614d594849776b396431624e74343263436d2f6a6649756c7847534864652f6e34615a374a6e77474e706d4d5369437238314658395465774a75357a344a76366675586a483768646e5247652f673367564c32504a49456254345168454533377171703437502f715a36723875365a73797772567475562b2b654c6a6458306c3658635a784e49564165414b3943392f752b4c437638702b6538556170336e4d4f50796b6e456a547850792b6a7a74614e58587a2f673473377333356e357158746f2f496b3777454a3943792f31307636376f796173617250674f573471596e2f755a6c33396c673650633931782b5567744a34493948595333436a7042795239572b594a333175655063326876574b31376276767a336a4447484e6772306f7872687343505a3045396f7956577a504a73617250424e5a683835644b2b6f6b4538666330317a737341794833514b436e6b2b44334a54307241616f396838566575504859684c59306955504178502b646b7578626f4c324a374961543148716136334771516961754350523045706a735466726e2f746e46755864645874527a425a686764694e67743362614738592b377a4b43562b385743514e4477416d426e6f5276794535582b62616166344f6b6c7a6e68535267516741414533424c6f54666948566637746c305366375a597367554541416842775271413334547644527a6751674141452b69474138507570465a4643414149513245514134572f4378384551674141452b69474138507570465a4643414149513245514134572f4378384551674141452b694877667a2f303179657a424f47324141414141456c46546b5375516d4343, '2025-01-06 20:17:59', '2025-01-09 03:55:56');
INSERT INTO `whiteboard_drawings` (`id`, `userId`, `courseId`, `chapterId`, `drawing`, `createdAt`, `updatedAt`) VALUES
('baea3607-ce45-11ef-953a-d8bbc18dd88a', 'bb759173-7452-4607-b7b1-68268b6756e0', '6549f956-1f65-4ea7-9fa9-c376e2eebba3', '804aaa3e-dcd2-44ef-a133-aa612e7a8131', 0x646174613a696d6167652f706e673b6261736536342c6956424f5277304b47676f414141414e5355684555674141415877414141484d43415941414144574c524f2f4141414141584e5352304941727334633651414148685a4a52454655654637743355766f504e6c56422f43546d636e6b685359443057515348336d4175464242784931474e4f6f3234454c427257437955595467566f6a42725174423353514c63615767494c6757445471374c495445685a753845444d5269586d4135703034642f68313870756572753671726e7536543958392f4341456b7535543533374f37572f58762f72316976424867414142416b4d4976474b4956566f6b415149454349544174776b494543417769494441483254516c6b6d4141414742627738514945426745414742503869674c5a4d4141514943337834675149444149414943663542425779594241675145766a314167414342515151452f694344746b7743424167496648754141414543677767492f454547625a6b45434241512b50594141514945426845512b494d4d326a494a45434167384f304241675149444349673841635a7447555349454241344e7344424167514745524134413879614d736b51494341774c6348434241674d4969417742396b304a5a4a6741414267573850454342415942414267542f496f43325441414543417438654945434177434143416e2b515156736d41514945424c343951494141675545454250346767375a4d416751494348783767414142416f4d4943507842426d325a4241675145506a32414145434241595245506944444e6f7943524167495044744151494543417769495041484762526c45694241514f44624177514945426845514f41504d6d6a4c4a454341674d43334277675149444349674d41665a4e4357535941414159467644784167514741514159452f794b41746b77414241674c6648694241674d416741674a2f6b4546624a6745434241532b50554341414946424241542b49494f3254414945434168386534414141514b4443416a3851515a746d5151494542443439674142416751474552443467777a614d676b5149434477375145434241674d4969447742786d305a5249675145446732774d454342415952454467447a4a6f797952416749444174776349354168384d794b65655068507a6846554a624251514f417642484e7a416a4d455774672f2b58433737776a3947574a7563684d42675838545a67635a544b43462f5047663442397345315263727343764f425539625633673278467836724631366f6e673346712f48424676324471472f757349435077367339444a6667536d41722f48437475545272746b39485350596d714d4a534477783571333164354f594f6e5a2f4457646655507758384d32376e30452f72697a742f4a636763797a2f4f504f42582f754c486454586544765a705157556b7a676c6f462f574c72674c37594a7172556a384b744e52443937456d6968662f7733395a673758414c71385a6a38656b5338616b2b5131744a486f4d666d36744f4a4b6754474550696e6950696c6f36562b4f694c655072483864745a2b65452f2f6b7365723042396a50793161355a494e744b697747784d6738444b4244377a77762f7a68435a663276333177706c634c386c664f764b33332f732b454775566d416e2b555356766e76515865466847664f74484575625037637a335044583668662b2f4a467a712b77433830444b33735775447649754c5854717a773353396334766e4969705850436634572b6a374574514a354c3363562b48755a70485655462f6a4369552f4e2f6b6c45764c395434334f432f30732b7564744a65364e6c425035474233665539754864494f322f5878635258397648736e6131696c4d667847706833304b2f31392b4849754b39463470354d626558396762724350774e4475314579314f66367651782f42727a665664452f4d74524b2b33724565612b2b4c706b46533330663376697533774f64646f4a7761755846485862665167492f48334d38644c482b4830673537357a507656577a43394778444f4a62563336344a635863785078713559572b46556e4d372b76723837346b49304839337a506a467565756e3766587168744c39686d2f73304a66532f6d5a6b366757473242583277675637527a365546394b4e6c43763533702b77546d4663677237334b4c362f64544c63375a4879377872427a7756753475384c637971656b2b357a7967702b3539434b4b76504c7a597533324e6569753435665837716458502b5664677538317236764870714b6541774f2b706566396137657a396678392b556d2f4a62463379795a7664506137666e31724e4830664537313959706e32517477394b56463453436955613173527367557376354434753549452b6d335878446539312f663761537a7a3277754952622b634f416e383773317261365a77503468787165704176315a312f2b337465763138542b6c374d6e542f6a7a6478533447396d564663316576684131715535432f797265432f6571634c312b366b6d322b73326c39364c3737722b7852467636776158676d4262713948744849467a48394a36596b344274356b74304c34737258317032754f2f375066667a32377568642f472f594d58766e72356a7937636f54307876485a4a556265744b7944773638346d71374e4c372b7278414f386a2f2b73523854636e537433692f66644c56334275542f6a5833314c4e777263582b49574873364331396f4d61662f4877515a37326462766e2f756238553936446641482b78453362463556392f39482f56396c314b7651723937782b536f4e5645506a62482f6a6a483957592b304d616c304c6667337a647670673675372f32752b2f586454502f3371637539396b4c382f334b33314c676c782f5279787238363468343038502f327134504831386a6e6876362f33666d677a5965354f76325266744538314d624f72732f744872714c4e3965574c635853743162344a63617833656261652f64507635372f595676514878382b2f6237714a637537527875373679753778373473346a346e524d6c71352f647435594666742b39554b3661774b38316b75636a34733072573172366f7141482b5572776f3774763258504c76666564346b367243667761673233666c64376573373332622b376c6e4d664838534266712f36392b35393647326237662f3835496e3678333248534b746b4c61625131436776382b382f6857772f6666624f6d6b336135344c65752f473155442f493138692b39373959766a396b4c2f665a4379556f432f33356a6d664e6c5671653661372b553947385230543741302f37614a5a7750726c6947422f6b4b764564336e5471372f2f4f492b4e302b6830697659692b6b45392f3341414c2f5076357a777234392b4e72336d527a2b5068595266786f52663975355a512f79396142546238504d2b686e4439523266726d41765a4d6b5771537677627a2b494f57482f58455438776f316138794266447a31316476386243552f5136377564726d41765a4f6f5771433377627a75455332482f755968343972597465537465422b3954583446633654747a35693552344d2b5632756a74425035744233667542647150523852503362616446342f6d51623465586543764e315468426749432f7762494434663455455338642b4a77397770376764396e2f674b2f6a364d717951494350786e3455666d70732f743768723341377a4e2f67642f48555a566b4159476644487a68374c3564546e6e794e69314d4873556c6e66554445506a7244565734675944417677467952457a39364567466634472f666738492f5057474b7478416f454c673347435a647a3345314c5837436d6633445762726e77363936334166446937774b30784244786346425035466f745533714878325078583439735779735176385a56357566536342442b78632b4539457844744f484b4c4b325833374a4f2f336e656a50766c69324c77542b4d692b3376704f41423359756650577a2b366d6674624d766c75304c67622f4d793633764a4f43426e51632f3954624d536a38533767586250764d2f395a4f52587a337a69324a396a74712f6976335133375255525947664e3437715a2f6465734f3033653448667a314b6c524147426e344d376458622f795968345a38346872367271485470587362337354674b2f6a364d7179514943767a2f7775613951714f54744264742b737866342f5378565368536f4645434a7937787036616d7a2b7739487850747532736e3567336e42747438774248342f533555534251522b58397a7148374a367646714233322f3241722b667055714a41674b2f4c2b37577a2b37624e66306e2b70494d55553367447a486d375339533450656434616b5851617438794f72785372667744714b2b6b386d744a76427a665658764a4344774f30452b6c446b56704d394878467636486d5a5674616c4c4f633775723263562b4e66627565634e4251522b502b792f696f6a66504647756b6e4837326233585479793555702f39706e4b6253742b49694b654f44725731487a427637667667315733327939324f346b48656a2f357245664630386343667570547a70596834517a2b4b34536f4a2f4f464776733046432f782b6336742b647552535472395a483163532b486d324b6e635545506a394d452b6450583839496c3756377842585633497035327136575863552b4c4f59334f6a6541674b2f3377524f4258345633366c4c4f56366f37544e2f67642f48555a566b675371426c4c7a4d39504b56583742314b5364392f434877383430646f594f41774f2b414f504875686c62353372372f4578485054437a78337233316b6139525a512b42503756582f43757778683772306f5548665266476b6d396e4f78663248735239356e366f7376584174316636376f65793151522b6e3946556534664f7551647768583935394647765532584c6754393179652b67362b53677a6a356233596e4158303334596f464b67532f732b387830535a55744266376e497549485a31357546505a4c64734547626976772b77797053754266436e73503444377a507136796c63427659662b6d6d515432796b796f4c64314d3450655a566f5841462f5a395a6e6c4e6c5650666b72716c4c38303758724f7776325958624f412b41722f506b4f34642b4d4b2b7a78797672624b46774c3930726434312b32756e763648374366772b7737706e34417637506a4e6355365636344d384a2b335a572f2f6d492b494531454f35625730446739356e5076514a663250655a33396f7131514a2f547343334e627430733362794737752f774f387a73487345767244764d377365565734562b473266546630746653774c2b7836543331694e705a746b593875375762753344767a2f6a6f67336e6c6d64422f504e52762f6967615a2b32724c583432767175354457724c4a5862327436634e386243786836482f426242723677377a4f7a6e6c564f2f654c56345a4c4a6d754e6b5054367a3671355a712f7665514d44672b7944664b764346665a39353961377932596834746e665268487274587772744a7a66666d6c4262795130494350772b51386f4b2f4f4e727475666d35544a4f6e316c655779586a7373753176527a754a2b4458437537732f674b2f7a3042374276376364316738376c7a5939356e6a6d6972587a4f3361343030397554683776315a306b50734a2f443644376848346e346d4948376d694857462f4256724358573578576565544566484f684e3656484552413450635a64492f41762b6153674c44764d3739655663363962584c4e4d54346c364e667775653942514f44333251766e666c5671376847577a6b4c597a3556314f77494558685259476a4c595467746b58722b644f764e2f776a414945434377524544674c394761766d3147344666387473552b57716f514948415841594866687a306a384d326d7a327855495544675155436f394e734b7a3058457a3363715a793664494a5568514f4237416f4b6c2f323734614554387a4971793756384c54363234763773534945446770494441747a45494543417769494441483254516c6b6d4141414742627738514945426745414742503869674c5a4d4141514943337834675149444149414943663542425779594241675145766a314167414342515151452f694344746b7743424167496648754141414543677767492f454547625a6b45434241512b50594141514945426845512b494d4d326a494a45434167384f304241675149444349673841635a7447555349454241344e7344424167514745524134413879614d736b51494341774c6348434241674d4969417742396b304a5a4a6741414267573850454342415942414267542f496f43325441414543417438654945434177434143416e2b515156736d41514945424c343951494141675545454250346767375a4d416751494348783767414142416f4d4943507842426d325a4241675145506a32414145434241595245506944444e6f7943524167495044744151494543417769495041484762526c45694241514f44624177514945426845514f41504d6d6a4c4a454341674d43334277675149444349674d41665a4e4357535941414159467644784167514741514159452f794b41746b77414241674c6648694241674d416741674a2f6b4546624a6745434241532b50554341414946424241542b49494f3254414945434168386534414141514b4443416a3851515a746d5151494542443439674142416751474552443467777a614d676b5149434477375145434241674d4969447742786d305a5249675147427667662f7469446931707232743038346c51494441596f47394265465534503958524c7835735934374543424159456343657776387a3058456d79626d73376531376d676257676f424172635132474d49666d63437a6c6e2b4c5861555978416755465a676a3448764c4c2f7364744d5941514c33464e686a344466507162503839722b2f4979492b6655393078795a41674d4139425059612b4f664f3870747a65334833795875414f795942416754754a624458774439336c6e2b77626d66377a306645572b2b46373767454342433470634365412f382f492b49744d7a426435706d423543594543477866594d2b423336625451762f5a6951396a48552f505a5a377437326372494544676a4d4465412f2b77394576583946336d38544168514743757741654f6276695857336b6a79436942332b627a6d596a34345a6c6e2b79377a7a4e3336626b64675049486a6477462b4d534c6545784850566163594b6641507333435a702f717531422b4232674b6e337662397a596834642f5851487a4877586561702f57445348594871416c4f6638796b662b694d482f744c4c504f33326264442f4552452f576e3148366f38416754534271634276422f7a4977356c2b3273485846423439384b2b357a484f345478763645327677335a63416755304b7442647433784152763363694139716e2b4e3965645655432f3657546d6674756e754e3543762b714f3178664250494550685552627a73714c2f447a76464d714c336b337a366b4768482f4b5742516c554537674377396e2b6f3862612b2f5965615a637077384e4f634f666e737a6134472b5668582f566e6138764175734676684952727a347138395749654d3336306a6b56425034383178376837354f3838367a64697342574241542b566961316f6b2f6876774c5058516e735345446737326959633559692f4f636f7551324266516f492f48334f6464617176725879625a7274656e2f376a2b2f706e385874526754754c694477377a36432b7a66517a76702f53506a6666784136494a417349504354676264577673636c6e336257333137776657707269396376675a304c4350796444336a4e386e7145667a752b743371756d594c374575676e495044375765363655732f77642f612f3636316963595546766e486958393774433952655762566e37384f2f2f32523668622b7a2f2f76505567646a43516a38736562646662573977392f5a662f63524b556a67757749433332626f4a74417a2f4a33396478754c51675145766a32514b2f434a683639633758554a7a6a742f6375656c2b6867437a7644486d50506456356e78424f43372f65382b56673173544544676232786765326733492f78642b392f447a724347624147426e7932732f6b57426a4363415a2f38583264316751414742502b44514b793835492f79642f566565754e35754b53447762366e74574973464d7034416e503076486f4d3737455241344f396b6b434d73497950386e66325073484f7338534167384f32467a51706b504145342b392f7364744434444948323975626a762f59313657572f364c44582b37706e324c6a4a68675179777238394546726448392b516731594a6e424d3446666a74433956655735564e34466564544b322b656a384248466258486a4474696144736c303356476f4e7569676d634376785052735137692f5835335859456674584a314f30724b2f77667239675451643335362b7837417163432f384d523862367153414b2f366d5332303963746e674438693241372b32476b5467582b534e4f323170634a33444c386a3538457644356751393561344654676c7a364a4c7433637261666e654e304637764545344638443363656f34416d424430584565302f383736557a7458527a74746b7542663439496e3773595758333248396548396a6c747272356f74724a7a4473452f733364485841484175314a6f5032314a344a3750416d3059337369324d464775754553547632656254763876666276724b5758626d37574374786f7a774c74696143397865334a4f7a3251446b384358682f5938793637626d326e7274384c2f4f737333597641575945715477512b507a446d5270304b2b2f62564975336b704f79664d2f79796f39485946514a65483767437a56305743587732497036647545663550433366344b4a52754447426c77743466634375364356774c7579666a34693339447051566832426e795772626e57424370654676686b525431654830742b4c416e386645652b5a734e6845324c666542623764544f436c41766436496d686674537638612b37476332472f715277562b4455336d4b377143647a79395948326f7143766c71367842335954397074365a716f786531305165496e414c563466614f4876307339394e743675776c3767333263544f65722b4254497643376e306335763963796e73507838526237784e4b2f324f34704a4f503075564346775336503145344e4c504a6648722f76392f694968664f585058545961394d2f7a724e6f4e374565676c384c47492b496c4f6235357736576639564672512f2f4b46655777323741582b2b673269416f4665416933383238382f74743944376645766235642b356b2f6d30686e396f644b6d773137677a393851626b6e6731674b397a2f3639362b666c4532772f727a6e585a664e684c2f42762f52423250414c584366514f2f39486639644f2b3832624a76364a32456659432f376f486e337352754b6541537a2f4c395a2b4c694a2b4f694e6373445072647653692b35466c754f624e37454343514c64443737482f754a59377364563154767756372b2f7535682f2b2b4e743932462f51487a47744272686d472b7841676b4376514d2f7862703465764166373651397366662f6a766e38316478717a714c647a58427676786763702f766645736d544d334576687242643266514532423370642b6c717a792b507669487a39684c48327975505a797a4a4a2b7678775272313979683633655675427664584c364a72424d6f50665a2f374b6a4c37743165384c497a715a326a482b4d69463964317471326235324e756d3064335250597038435777722f3342485a376658344f6c4d43666f2b513242505972634d394c50356d714c646a624434332f613053384b2f4e4157366f74384c63304c623053794263346e5032334932306848773676463752776631302b7a37615073495742626c7459397754324b6644525238763679524d2f33744937577752376833335565796764576c4b434149454242413550474f334a6f7630642f3971584d2f614554534477453143564a45434151455542675639784b6e6f6951494241676f4441543042566b67414241685546424837467165694a4141454343514943507746565351494543465155455067567036496e416751494a4167492f4152554a516b5149464252514f42586e497165434241676b43416738424e516c535241674542464159466663537036496b434151494b4177453941565a4941415149564251522b78616e6f6951414241676b43416a384256556b434241685546424434466165694a77494543435149435077455643554a45434251555544675635794b6e676751494a416749504154554a556b51494241525147425833457165694a4167454343674d42505146575341414543465155456673577036496b414151494a4167492f4156564a41675149564251512b42576e6f6963434241676b43416a384246516c435241675546464134466563697034494543435149434477453143564a45434151455542675639784b6e6f6951494241676f4441543042566b67414241685546424837467165694a4141454343514943507746565351494543465155455067567036496e416751494a4167492f4152554a516b5149464252514f42586e497165434241676b43416738424e516c535241674542464159466663537036496b434151494b4177453941565a4941415149564251522b78616e6f6951414241676b43416a384256556b434241685546424434466165694a77494543435149435077455643554a45434251555544675635794b6e676751494a416749504154554a556b51494241525147425833457165694a4167454343674d42505146575341414543465155456673577036496b414151494a4167492f4156564a41675149564251512b42576e6f6963434241676b43416a384246516c435241675546464134466563697034494543435149434477453143564a45434151455542675639784b6e6f6951494241676f4441543042566b67414241685546424837467165694a4141454343514943507746565351494543465155455067567036496e416751494a4167492f4152554a516b5149464252514f42586e497165434241676b43416738424e516c535241674542464159466663537036496b434151494b4177453941565a4941415149564251522b78616e6f6951414241676b43416a384256556b434241685546424434466165694a77494543435149435077455643554a45434251555544675635794b6e676751494a416749504154554a556b51494241525147425833457165694a4167454343674d42505146575341414543465155456673577036496b414151494a4167492f4156564a41675149564251512b42576e6f6963434241676b43416a384246516c435241675546464134466563697034494543435149434477453143564a45434151455542675639784b6e6f6951494241676f4441543042566b67414241685546424837467165694a4141454343514943507746565351494543465155455067567036496e416751494a4167492f4152554a516b5149464252514f42586e497165434241676b43416738424e516c535241674542464159466663537036496b434151494b4177453941565a4941415149564251522b78616e6f6951414241676b43416a384256556b434241685546424434466165694a77494543435149435077455643554a45434251555544675635794b6e676751494a416749504154554a556b51494241525147425833457165694a4167454343674d42505146575341414543465155456673577036496b414151494a4167492f4156564a41675149564251512b42576e6f6963434241676b43416a384246516c435241675546464134466563697034494543435149434477453143564a45434151455542675639784b6e6f6951494241676f4441543042566b67414241685546424837467165694a4141454343514943507746565351494543465155455067567036496e416751494a4167492f4152554a516b5149464252514f42586e497165434241676b43416738424e516c535241674542464159466663537036496b434151494b4177453941565a4941415149564251522b78616e6f6951414241676b43416a384256556b434241685546424434466165694a77494543435149435077455643554a45434251555544675635794b6e676751494a416749504154554a556b51494241525147425833457165694a4167454343674d42505146575341414543465155456673577036496b414151494a4167492f4156564a41675149564251512b42576e6f6963434241676b43416a384246516c435241675546464134466563697034494543435149434477453143564a45434151455542675639784b6e6f6951494241676f4441543042566b67414241685546424837467165694a4141454343514943507746565351494543465155455067567036496e416751494a4167492f4152554a516b5149464252514f42586e497165434241676b43416738424e516c535241674542464159466663537036496b434151494b4177453941565a4941415149564251522b78616e6f6951414241676b43416a384256556b434241685546424434466165694a77494543435149435077455643554a45434251555544675635794b6e676751494a416749504154554a556b51494241525147425833457165694a4167454343674d42505146575341414543465155456673577036496b414151494a4167492f4156564a41675149564251512b42576e6f6963434241676b43416a384246516c435241675546464134466563697034494543435149434477453143564a45434151455542675639784b6e6f6951494241676f4441543042566b67414241685546424837467165694a4141454343514943507746565351494543465155455067567036496e416751494a4167492f4152554a516b5149464252514f42586e497165434241676b43416738424e516c535241674542464159466663537036496b434151494b4177453941565a4941415149564251522b78616e6f6951414241676b43416a384256556b434241685546424434466165694a77494543435149435077455643554a45434251555544675635794b6e676751494a416749504154554a556b51494241525147425833457165694a4167454343674d42505146575341414543465155456673577036496b414151494a4167492f4156564a41675149564251512b42576e6f6963434241676b43416a384246516c435241675546464134466563697034494543435149434477453143564a45434151455542675639784b6e6f6951494241676f4441543042566b67414241685546424837467165694a4141454343514943507746565351494543465155455067567036496e416751494a4167492f4152554a516b5149464252514f42586e497165434241676b43416738424e516c535241674542464159466663537036496b434151494b4177453941565a4941415149564251522b78616e6f6951414241676b43416a384256556b434241685546424434466165694a77494543435149435077455643554a45434251555544675635794b6e676751494a416749504154554a556b51494241525147425833457165694a4167454343674d42505146575341414543465155456673577036496b414151494a4167492f4156564a41675149564251512b42576e6f6963434241676b43416a384246516c435241675546464134466563697034494543435149434477453143564a45434151455542675639784b6e6f6951494241676f4441543042566b67414241685546424837467165694a4141454343514943507746565351494543465155455067567036496e416751494a4167492f4152554a516b5149464252514f42586e497165434241676b43416738424e516c535241674542464159466663537036496b434151494b4177453941565a4941415149564251522b78616e6f6951414241676b43416a384256556b434241685546424434466165694a77494543435149435077455643554a45434251555544675635794b6e676751494a416749504154554a556b51494241525147425833457165694a4167454343775038447744306d2b674e4a574b6741414141415355564f524b35435949493d, '2025-01-09 04:53:55', '2025-01-09 04:53:55');

--
-- Indexes for dumped tables
--

--
-- Indexes for table `chapter`
--
ALTER TABLE `chapter`
  ADD PRIMARY KEY (`id`),
  ADD KEY `course_id` (`course_id`);

--
-- Indexes for table `course`
--
ALTER TABLE `course`
  ADD PRIMARY KEY (`id`);

--
-- Indexes for table `courses_interests`
--
ALTER TABLE `courses_interests`
  ADD PRIMARY KEY (`courseId`,`interestId`),
  ADD KEY `interestId` (`interestId`);

--
-- Indexes for table `course_ratings`
--
ALTER TABLE `course_ratings`
  ADD PRIMARY KEY (`id`),
  ADD KEY `userId` (`userId`),
  ADD KEY `courseId` (`courseId`);

--
-- Indexes for table `enrollment`
--
ALTER TABLE `enrollment`
  ADD PRIMARY KEY (`id`),
  ADD UNIQUE KEY `unique_enrollment` (`userId`,`courseId`),
  ADD KEY `courseId` (`courseId`);

--
-- Indexes for table `feedback`
--
ALTER TABLE `feedback`
  ADD PRIMARY KEY (`id`),
  ADD KEY `courseId` (`courseId`),
  ADD KEY `userId` (`userId`);

--
-- Indexes for table `interest`
--
ALTER TABLE `interest`
  ADD PRIMARY KEY (`id`),
  ADD UNIQUE KEY `name` (`name`);

--
-- Indexes for table `notification`
--
ALTER TABLE `notification`
  ADD PRIMARY KEY (`id`),
  ADD KEY `userId` (`userId`);

--
-- Indexes for table `user`
--
ALTER TABLE `user`
  ADD PRIMARY KEY (`id`),
  ADD UNIQUE KEY `email` (`email`);

--
-- Indexes for table `user_chapter_progress`
--
ALTER TABLE `user_chapter_progress`
  ADD PRIMARY KEY (`id`,`userId`,`courseId`,`chapterId`,`enrollmentId`),
  ADD KEY `fk_user` (`userId`),
  ADD KEY `fk_course` (`courseId`),
  ADD KEY `fk_chapter` (`chapterId`),
  ADD KEY `fk_enrollment` (`enrollmentId`);

--
-- Indexes for table `user_interests`
--
ALTER TABLE `user_interests`
  ADD PRIMARY KEY (`userId`,`interestId`),
  ADD KEY `interestId` (`interestId`);

--
-- Indexes for table `whiteboard_drawings`
--
ALTER TABLE `whiteboard_drawings`
  ADD PRIMARY KEY (`id`),
  ADD UNIQUE KEY `unique_drawing` (`userId`,`courseId`,`chapterId`),
  ADD KEY `courseId` (`courseId`),
  ADD KEY `chapterId` (`chapterId`);

--
-- Constraints for dumped tables
--

--
-- Constraints for table `chapter`
--
ALTER TABLE `chapter`
  ADD CONSTRAINT `chapter_ibfk_1` FOREIGN KEY (`course_id`) REFERENCES `course` (`id`) ON DELETE CASCADE;

--
-- Constraints for table `courses_interests`
--
ALTER TABLE `courses_interests`
  ADD CONSTRAINT `courses_interests_ibfk_1` FOREIGN KEY (`courseId`) REFERENCES `course` (`id`) ON DELETE CASCADE,
  ADD CONSTRAINT `courses_interests_ibfk_2` FOREIGN KEY (`interestId`) REFERENCES `interest` (`id`) ON DELETE CASCADE;

--
-- Constraints for table `course_ratings`
--
ALTER TABLE `course_ratings`
  ADD CONSTRAINT `course_ratings_ibfk_1` FOREIGN KEY (`userId`) REFERENCES `user` (`id`) ON DELETE CASCADE,
  ADD CONSTRAINT `course_ratings_ibfk_2` FOREIGN KEY (`courseId`) REFERENCES `course` (`id`) ON DELETE CASCADE;

--
-- Constraints for table `enrollment`
--
ALTER TABLE `enrollment`
  ADD CONSTRAINT `enrollment_ibfk_1` FOREIGN KEY (`userId`) REFERENCES `user` (`id`) ON DELETE CASCADE,
  ADD CONSTRAINT `enrollment_ibfk_2` FOREIGN KEY (`courseId`) REFERENCES `course` (`id`) ON DELETE CASCADE;

--
-- Constraints for table `feedback`
--
ALTER TABLE `feedback`
  ADD CONSTRAINT `feedback_ibfk_1` FOREIGN KEY (`courseId`) REFERENCES `course` (`id`) ON DELETE CASCADE,
  ADD CONSTRAINT `feedback_ibfk_2` FOREIGN KEY (`userId`) REFERENCES `user` (`id`) ON DELETE CASCADE;

--
-- Constraints for table `notification`
--
ALTER TABLE `notification`
  ADD CONSTRAINT `notification_ibfk_1` FOREIGN KEY (`userId`) REFERENCES `user` (`id`) ON DELETE CASCADE;

--
-- Constraints for table `user_chapter_progress`
--
ALTER TABLE `user_chapter_progress`
  ADD CONSTRAINT `fk_chapter` FOREIGN KEY (`chapterId`) REFERENCES `chapter` (`id`) ON DELETE CASCADE ON UPDATE CASCADE,
  ADD CONSTRAINT `fk_course` FOREIGN KEY (`courseId`) REFERENCES `course` (`id`) ON DELETE CASCADE ON UPDATE CASCADE,
  ADD CONSTRAINT `fk_enrollment` FOREIGN KEY (`enrollmentId`) REFERENCES `enrollment` (`id`) ON DELETE CASCADE ON UPDATE CASCADE,
  ADD CONSTRAINT `fk_user` FOREIGN KEY (`userId`) REFERENCES `user` (`id`) ON DELETE CASCADE ON UPDATE CASCADE;

--
-- Constraints for table `user_interests`
--
ALTER TABLE `user_interests`
  ADD CONSTRAINT `user_interests_ibfk_1` FOREIGN KEY (`userId`) REFERENCES `user` (`id`) ON DELETE CASCADE,
  ADD CONSTRAINT `user_interests_ibfk_2` FOREIGN KEY (`interestId`) REFERENCES `interest` (`id`) ON DELETE CASCADE;

--
-- Constraints for table `whiteboard_drawings`
--
ALTER TABLE `whiteboard_drawings`
  ADD CONSTRAINT `whiteboard_drawings_ibfk_1` FOREIGN KEY (`userId`) REFERENCES `user` (`id`),
  ADD CONSTRAINT `whiteboard_drawings_ibfk_2` FOREIGN KEY (`courseId`) REFERENCES `course` (`id`),
  ADD CONSTRAINT `whiteboard_drawings_ibfk_3` FOREIGN KEY (`chapterId`) REFERENCES `chapter` (`id`);
COMMIT;

/*!40101 SET CHARACTER_SET_CLIENT=@OLD_CHARACTER_SET_CLIENT */;
/*!40101 SET CHARACTER_SET_RESULTS=@OLD_CHARACTER_SET_RESULTS */;
/*!40101 SET COLLATION_CONNECTION=@OLD_COLLATION_CONNECTION */;
